Number,Nitride,R1,X1,V1,R2,X2,V3,R3,X3,R4,X4,R5,X5,R6,X6,R7,X7,R8,X8,I1,I2,I3,I4,I5,I6,I7,I8,PBE Eg (eV),HSE Eg (eV),Band offset (eV),Formation energy per atom (eV)
1,Al3GaIn2ScYN8,1.18,1.61,3,1.18,1.61,3,1.18,1.61,1.26,1.81,1.44,1.78,1.44,1.78,1.44,1.36,1.62,1.22,0.5775,0.5775,0.5775,0.5788,0.5583,0.5583,0.6331,0.6,1.8377,3.3152,0.1214,-2.7261
2,Al3InScY3N8,1.18,1.61,3,1.18,1.61,3,1.18,1.61,1.44,1.78,1.44,1.36,1.62,1.22,1.62,1.22,1.62,1.22,0.5775,0.5775,0.5775,0.5583,0.6331,0.6,0.6,0.6,2.3906,3.8304,0.0589,-3.042
3,Al2GaInSc2Y2N8,1.18,1.61,3,1.18,1.61,3,1.26,1.81,1.44,1.78,1.44,1.36,1.44,1.36,1.62,1.22,1.62,1.22,0.5775,0.5775,0.5788,0.5583,0.6331,0.6331,0.6,0.6,2.3742,3.7774,0.0896,-2.9523
4,AlGa3InScY2N8,1.18,1.61,3,1.26,1.81,3,1.26,1.81,1.26,1.81,1.44,1.78,1.44,1.36,1.62,1.22,1.62,1.22,0.5775,0.5788,0.5788,0.5788,0.5583,0.6331,0.6,0.6,1.9779,3.4488,0.0512,-2.6756
5,GaN,1.26,1.81,3,1.26,1.81,3,1.26,1.81,1.26,1.81,1.26,1.81,1.26,1.81,1.26,1.81,1.26,1.81,0.5788,0.5788,0.5788,0.5788,0.5788,0.5788,0.5788,0.5788,1.745,3.3633,0.0,-2.2815
6,AlGaIn2Sc2Y2N8,1.18,1.61,3,1.26,1.81,3,1.44,1.78,1.44,1.78,1.44,1.36,1.44,1.36,1.62,1.22,1.62,1.22,0.5775,0.5788,0.5583,0.5583,0.6331,0.6331,0.6,0.6,1.9829,3.3405,0.3103,-2.7706
7,AlGaIn2Sc3YN8,1.18,1.61,3,1.26,1.81,3,1.44,1.78,1.44,1.78,1.44,1.36,1.44,1.36,1.44,1.36,1.62,1.22,0.5775,0.5788,0.5583,0.5583,0.6331,0.6331,0.6331,0.6,2.18,3.5686,0.3149,-2.7879
8,BeMgBaCdSi2GeSnN8,0.9,1.57,2,1.3,1.31,2,1.98,0.89,1.48,1.69,1.11,1.9,1.11,1.9,1.22,2.01,1.41,1.96,0.8995,0.7377,0.5029,0.8678,0.7865,0.7865,0.762,0.7086,1.0338,2.5346,0.6384,-2.3439
9,BeCaCd2SiGe2SnN8,0.9,1.57,2,1.74,1.0,2,1.48,1.69,1.48,1.69,1.11,1.9,1.22,2.01,1.22,2.01,1.41,1.96,0.8995,0.5898,0.8678,0.8678,0.7865,0.762,0.762,0.7086,0.9851,2.4297,0.4817,-2.1498
10,BeSrBa2SiGeSn2N8,0.9,1.57,2,1.92,0.95,2,1.98,0.89,1.98,0.89,1.11,1.9,1.22,2.01,1.41,1.96,1.41,1.96,0.8995,0.5495,0.5029,0.5029,0.7865,0.762,0.7086,0.7086,1.4076,2.8713,0.7122,-2.3211
11,BeMgSrZnGeSn3N8,0.9,1.57,2,1.3,1.31,2,1.92,0.95,1.31,1.65,1.22,2.01,1.41,1.96,1.41,1.96,1.41,1.96,0.8995,0.7377,0.5495,0.9064,0.762,0.7086,0.7086,0.7086,0.8778,2.3629,0.5727,-2.037
12,BeCaSrBaSiGe2TiN8,0.9,1.57,2,1.74,1.0,2,1.92,0.95,1.98,0.89,1.11,1.9,1.22,2.01,1.22,2.01,1.36,1.54,0.8995,0.5898,0.5495,0.5029,0.7865,0.762,0.762,0.6588,2.4449,3.8424,0.7062,-2.6506
13,MgSiN2,1.3,1.31,2,1.3,1.31,2,1.3,1.31,1.3,1.31,1.11,1.9,1.11,1.9,1.11,1.9,1.11,1.9,0.7377,0.7377,0.7377,0.7377,0.7865,0.7865,0.7865,0.7865,4.0135,5.7547,-0.7831,-2.9931
14,BeCaZnCdGe2SnTiN8,0.9,1.57,2,1.74,1.0,2,1.31,1.65,1.48,1.69,1.22,2.01,1.22,2.01,1.41,1.96,1.36,1.54,0.8995,0.5898,0.9064,0.8678,0.762,0.762,0.7086,0.6588,1.5379,3.041,0.3696,-2.1794
15,BeCa2CdSi3ZrN8,0.9,1.57,2,1.74,1.0,2,1.74,1.0,1.48,1.69,1.11,1.9,1.11,1.9,1.11,1.9,1.48,1.33,0.8995,0.5898,0.5898,0.8678,0.7865,0.7865,0.7865,0.6401,2.1029,3.5093,0.1326,-2.8482
16,BeCa2Sr3GeZrN8,0.9,1.57,2,1.74,1.0,2,1.74,1.0,1.92,0.95,1.11,1.9,1.11,1.9,1.22,2.01,1.48,1.33,0.8995,0.5898,0.5898,0.5495,0.7865,0.7865,0.762,0.6401,2.9249,4.3962,0.0149,-2.8538
17,BeSrBaCdSi2SnZrN8,0.9,1.57,2,1.92,0.95,2,1.98,0.89,1.48,1.69,1.11,1.9,1.11,1.9,1.41,1.96,1.48,1.33,0.8995,0.5495,0.5029,0.8678,0.7865,0.7865,0.7086,0.6401,1.2153,2.5334,0.6328,-2.5396
18,BeBa3SiGeSnZrN8,0.9,1.57,2,1.98,0.89,2,1.98,0.89,1.98,0.89,1.11,1.9,1.22,2.01,1.41,1.96,1.48,1.33,0.8995,0.5029,0.5029,0.5029,0.7865,0.762,0.7086,0.6401,2.3164,3.7702,0.8965,-2.4992
19,BeCaSrCdSiGeSnZrN8,0.9,1.57,2,1.74,1.0,2,1.92,0.95,1.48,1.69,1.11,1.9,1.22,2.01,1.41,1.96,1.48,1.33,0.8995,0.5898,0.5495,0.8678,0.7865,0.762,0.7086,0.6401,1.4318,2.8038,0.3687,-2.4561
20,BeZnCd2SiGeSnZrN8,0.9,1.57,2,1.31,1.65,2,1.48,1.69,1.48,1.69,1.11,1.9,1.22,2.01,1.41,1.96,1.48,1.33,0.8995,0.9064,0.8678,0.8678,0.7865,0.762,0.7086,0.6401,1.3246,2.7614,0.5376,-2.1957
21,BeMgCaBaGe2SnZrN8,0.9,1.57,2,1.3,1.31,2,1.74,1.0,1.98,0.89,1.22,2.01,1.22,2.01,1.41,1.96,1.48,1.33,0.8995,0.7377,0.5898,0.5029,0.762,0.762,0.7086,0.6401,2.0267,3.4847,0.5228,-2.4279
22,BeSrZnCdGe2SnZrN8,0.9,1.57,2,1.92,0.95,2,1.31,1.65,1.48,1.69,1.22,2.01,1.22,2.01,1.41,1.96,1.48,1.33,0.8995,0.5495,0.9064,0.8678,0.762,0.762,0.7086,0.6401,1.1139,2.6106,0.4155,-2.1352
23,BeMgCaBaSiSn2ZrN8,0.9,1.57,2,1.3,1.31,2,1.74,1.0,1.98,0.89,1.11,1.9,1.41,1.96,1.41,1.96,1.48,1.33,0.8995,0.7377,0.5898,0.5029,0.7865,0.7086,0.7086,0.6401,1.8913,3.3257,0.6318,-2.5062
24,BeMgSrCdGeSn2ZrN8,0.9,1.57,2,1.3,1.31,2,1.92,0.95,1.48,1.69,1.22,2.01,1.41,1.96,1.41,1.96,1.48,1.33,0.8995,0.7377,0.5495,0.8678,0.762,0.7086,0.7086,0.6401,1.23,2.6108,0.6629,-2.2133
25,BeBaCd2Ge2TiZrN8,0.9,1.57,2,1.98,0.89,2,1.48,1.69,1.48,1.69,1.22,2.01,1.22,2.01,1.36,1.54,1.48,1.33,0.8995,0.5029,0.8678,0.8678,0.762,0.762,0.6588,0.6401,1.2549,2.6562,0.7106,-2.2642
26,BeCaBaZnSiSnTiZrN8,0.9,1.57,2,1.74,1.0,2,1.98,0.89,1.31,1.65,1.11,1.9,1.41,1.96,1.36,1.54,1.48,1.33,0.8995,0.5898,0.5029,0.9064,0.7865,0.7086,0.6588,0.6401,1.5501,2.9377,0.8698,-2.6039
27,BeBaZnCdSiSnTiZrN8,0.9,1.57,2,1.98,0.89,2,1.31,1.65,1.48,1.69,1.11,1.9,1.41,1.96,1.36,1.54,1.48,1.33,0.8995,0.5029,0.9064,0.8678,0.7865,0.7086,0.6588,0.6401,1.1014,2.4983,0.6615,-2.3957
28,BeCaSrCdSiGeZr2N8,0.9,1.57,2,1.74,1.0,2,1.92,0.95,1.48,1.69,1.11,1.9,1.22,2.01,1.48,1.33,1.48,1.33,0.8995,0.5898,0.5495,0.8678,0.7865,0.762,0.6401,0.6401,1.3639,2.6573,0.4102,-2.6842
29,BeCaZnCdSiGeZr2N8,0.9,1.57,2,1.74,1.0,2,1.31,1.65,1.48,1.69,1.11,1.9,1.22,2.01,1.48,1.33,1.48,1.33,0.8995,0.5898,0.9064,0.8678,0.7865,0.762,0.6401,0.6401,1.5048,2.9185,0.3102,-2.5294
30,BeCaSrBaSiSnZr2N8,0.9,1.57,2,1.74,1.0,2,1.92,0.95,1.98,0.89,1.11,1.9,1.41,1.96,1.48,1.33,1.48,1.33,0.8995,0.5898,0.5495,0.5029,0.7865,0.7086,0.6401,0.6401,2.2407,3.624,0.8456,-2.7449
31,BeMgCaSrSnTiZr2N8,0.9,1.57,2,1.3,1.31,2,1.74,1.0,1.92,0.95,1.41,1.96,1.36,1.54,1.48,1.33,1.48,1.33,0.8995,0.7377,0.5898,0.5495,0.7086,0.6588,0.6401,0.6401,2.518,3.8705,0.401,-2.7759
32,BeMgCaSrSiGeSnHfN8,0.9,1.57,2,1.3,1.31,2,1.74,1.0,1.92,0.95,1.11,1.9,1.22,2.01,1.41,1.96,1.5,1.3,0.8995,0.7377,0.5898,0.5495,0.7865,0.762,0.7086,0.6585,1.7479,3.2624,0.2433,-2.644
33,BeSr2BaSiGeSnHfN8,0.9,1.57,2,1.92,0.95,2,1.92,0.95,1.98,0.89,1.11,1.9,1.22,2.01,1.41,1.96,1.5,1.3,0.8995,0.5495,0.5495,0.5029,0.7865,0.762,0.7086,0.6585,2.2601,3.7523,0.5543,-2.5853
34,BeMgBaCdSiGeSnHfN8,0.9,1.57,2,1.3,1.31,2,1.98,0.89,1.48,1.69,1.11,1.9,1.22,2.01,1.41,1.96,1.5,1.3,0.8995,0.7377,0.5029,0.8678,0.7865,0.762,0.7086,0.6585,1.0239,2.4389,0.7528,-2.4037
35,BeCaSrZnSiSn2HfN8,0.9,1.57,2,1.74,1.0,2,1.92,0.95,1.31,1.65,1.11,1.9,1.41,1.96,1.41,1.96,1.5,1.3,0.8995,0.5898,0.5495,0.9064,0.7865,0.7086,0.7086,0.6585,1.644,3.1201,0.4198,-2.4598
36,BeMgBaZnSiSn2HfN8,0.9,1.57,2,1.3,1.31,2,1.98,0.89,1.31,1.65,1.11,1.9,1.41,1.96,1.41,1.96,1.5,1.3,0.8995,0.7377,0.5029,0.9064,0.7865,0.7086,0.7086,0.6585,1.0854,2.4972,0.9891,-2.3632
37,BeSrZnCdSiGeTiHfN8,0.9,1.57,2,1.92,0.95,2,1.31,1.65,1.48,1.69,1.11,1.9,1.22,2.01,1.36,1.54,1.5,1.3,0.8995,0.5495,0.9064,0.8678,0.7865,0.762,0.6588,0.6585,1.7612,3.2582,0.2002,-2.5334
38,Be2MgCaSiSnTiHfN8,0.9,1.57,2,0.9,1.57,2,1.3,1.31,1.74,1.0,1.11,1.9,1.41,1.96,1.36,1.54,1.5,1.3,0.8995,0.8995,0.7377,0.5898,0.7865,0.7086,0.6588,0.6585,2.3776,3.8001,0.0274,-2.7851
39,BeBaCd2Sn2TiHfN8,0.9,1.57,2,1.98,0.89,2,1.48,1.69,1.48,1.69,1.41,1.96,1.41,1.96,1.36,1.54,1.5,1.3,0.8995,0.5029,0.8678,0.8678,0.7086,0.7086,0.6588,0.6585,0.5674,1.8491,1.1983,-2.2299
40,BeCaSrZnSiTi2HfN8,0.9,1.57,2,1.74,1.0,2,1.92,0.95,1.31,1.65,1.11,1.9,1.36,1.54,1.36,1.54,1.5,1.3,0.8995,0.5898,0.5495,0.9064,0.7865,0.6588,0.6588,0.6585,2.0435,3.3906,0.3327,-2.9254
41,BeBaZn2SiTi2HfN8,0.9,1.57,2,1.98,0.89,2,1.31,1.65,1.31,1.65,1.11,1.9,1.36,1.54,1.36,1.54,1.5,1.3,0.8995,0.5029,0.9064,0.9064,0.7865,0.6588,0.6588,0.6585,2.1995,3.5452,0.5076,-2.6765
42,BeMgZnCdSiTi2HfN8,0.9,1.57,2,1.3,1.31,2,1.31,1.65,1.48,1.69,1.11,1.9,1.36,1.54,1.36,1.54,1.5,1.3,0.8995,0.7377,0.9064,0.8678,0.7865,0.6588,0.6588,0.6585,2.0295,3.3769,0.5095,-2.75
43,BeZnCd2SiTi2HfN8,0.9,1.57,2,1.31,1.65,2,1.48,1.69,1.48,1.69,1.11,1.9,1.36,1.54,1.36,1.54,1.5,1.3,0.8995,0.9064,0.8678,0.8678,0.7865,0.6588,0.6588,0.6585,2.1433,3.5124,0.6884,-2.582
44,BeCaSr2GeTi2HfN8,0.9,1.57,2,1.74,1.0,2,1.92,0.95,1.92,0.95,1.22,2.01,1.36,1.54,1.36,1.54,1.5,1.3,0.8995,0.5898,0.5495,0.5495,0.762,0.6588,0.6588,0.6585,2.4545,3.7642,0.4938,-2.9169
45,BeMgSrBaGeTi2HfN8,0.9,1.57,2,1.3,1.31,2,1.92,0.95,1.98,0.89,1.22,2.01,1.36,1.54,1.36,1.54,1.5,1.3,0.8995,0.7377,0.5495,0.5029,0.762,0.6588,0.6588,0.6585,2.4531,3.7227,0.7376,-2.8492
46,BeCaBaCdGeTi2HfN8,0.9,1.57,2,1.74,1.0,2,1.98,0.89,1.48,1.69,1.22,2.01,1.36,1.54,1.36,1.54,1.5,1.3,0.8995,0.5898,0.5029,0.8678,0.762,0.6588,0.6588,0.6585,1.5841,2.8249,0.764,-2.7129
47,BeCaCd2GeTi2HfN8,0.9,1.57,2,1.74,1.0,2,1.48,1.69,1.48,1.69,1.22,2.01,1.36,1.54,1.36,1.54,1.5,1.3,0.8995,0.5898,0.8678,0.8678,0.762,0.6588,0.6588,0.6585,1.7873,3.1063,0.7495,-2.5635
48,BeZnCd2GeTi2HfN8,0.9,1.57,2,1.31,1.65,2,1.48,1.69,1.48,1.69,1.22,2.01,1.36,1.54,1.36,1.54,1.5,1.3,0.8995,0.9064,0.8678,0.8678,0.762,0.6588,0.6588,0.6585,2.1127,3.4987,0.7506,-2.4337
49,Be2CaZnSnTi2HfN8,0.9,1.57,2,0.9,1.57,2,1.74,1.0,1.31,1.65,1.41,1.96,1.36,1.54,1.36,1.54,1.5,1.3,0.8995,0.8995,0.5898,0.9064,0.7086,0.6588,0.6588,0.6585,1.8626,3.3246,0.2519,-2.6533
50,BeSrZnCdSiGeZrHfN8,0.9,1.57,2,1.92,0.95,2,1.31,1.65,1.48,1.69,1.11,1.9,1.22,2.01,1.48,1.33,1.5,1.3,0.8995,0.5495,0.9064,0.8678,0.7865,0.762,0.6401,0.6585,1.4141,2.8825,0.2568,-2.5007
51,BeMgSr2Ge2ZrHfN8,0.9,1.57,2,1.3,1.31,2,1.92,0.95,1.92,0.95,1.22,2.01,1.22,2.01,1.48,1.33,1.5,1.3,0.8995,0.7377,0.5495,0.5495,0.762,0.762,0.6401,0.6585,2.6749,4.1291,0.2828,-2.7048
52,BeZn3Ge2ZrHfN8,0.9,1.57,2,1.31,1.65,2,1.31,1.65,1.31,1.65,1.22,2.01,1.22,2.01,1.48,1.33,1.5,1.3,0.8995,0.9064,0.9064,0.9064,0.762,0.762,0.6401,0.6585,1.9525,3.59,0.1067,-2.4022
53,BeCaSr3SnZrHfN8,0.9,1.57,2,1.74,1.0,2,1.92,0.95,1.92,0.95,1.11,1.9,1.41,1.96,1.48,1.33,1.5,1.3,0.8995,0.5898,0.5495,0.5495,0.7865,0.7086,0.6401,0.6585,2.3392,3.7776,0.4604,-2.8187
54,BeSrZnCdSn2ZrHfN8,0.9,1.57,2,1.92,0.95,2,1.31,1.65,1.48,1.69,1.41,1.96,1.41,1.96,1.48,1.33,1.5,1.3,0.8995,0.5495,0.9064,0.8678,0.7086,0.7086,0.6401,0.6585,1.0231,2.3741,0.9061,-2.2946
55,Be2MgZnSiTiZrHfN8,0.9,1.57,2,0.9,1.57,2,1.3,1.31,1.31,1.65,1.11,1.9,1.36,1.54,1.48,1.33,1.5,1.3,0.8995,0.8995,0.7377,0.9064,0.7865,0.6588,0.6401,0.6585,1.8545,3.2075,0.488,-2.9058
56,BeMgCa2GeTiZrHfN8,0.9,1.57,2,1.3,1.31,2,1.74,1.0,1.74,1.0,1.22,2.01,1.36,1.54,1.48,1.33,1.5,1.3,0.8995,0.7377,0.5898,0.5898,0.762,0.6588,0.6401,0.6585,2.6524,4.0453,0.0563,-2.928
57,BeCaSrZnGeTiZrHfN8,0.9,1.57,2,1.74,1.0,2,1.92,0.95,1.31,1.65,1.22,2.01,1.36,1.54,1.48,1.33,1.5,1.3,0.8995,0.5898,0.5495,0.9064,0.762,0.6588,0.6401,0.6585,1.8784,3.2332,0.157,-2.7604
58,BeBa3SnTiZrHfN8,0.9,1.57,2,1.98,0.89,2,1.98,0.89,1.98,0.89,1.41,1.96,1.36,1.54,1.48,1.33,1.5,1.3,0.8995,0.5029,0.5029,0.5029,0.7086,0.6588,0.6401,0.6585,2.2087,3.4899,1.1775,-2.7266
59,BeSrZnCdSnTiZrHfN8,0.9,1.57,2,1.92,0.95,2,1.31,1.65,1.48,1.69,1.41,1.96,1.36,1.54,1.48,1.33,1.5,1.3,0.8995,0.5495,0.9064,0.8678,0.7086,0.6588,0.6401,0.6585,1.5466,2.8193,0.6135,-2.4977
60,BeSr2BaSiZr2HfN8,0.9,1.57,2,1.92,0.95,2,1.92,0.95,1.98,0.89,1.11,1.9,1.48,1.33,1.48,1.33,1.5,1.3,0.8995,0.5495,0.5495,0.5029,0.7865,0.6401,0.6401,0.6585,2.4707,3.7532,0.7976,-2.9854
61,BeSr2CdSiZr2HfN8,0.9,1.57,2,1.92,0.95,2,1.92,0.95,1.48,1.69,1.11,1.9,1.48,1.33,1.48,1.33,1.5,1.3,0.8995,0.5495,0.5495,0.8678,0.7865,0.6401,0.6401,0.6585,1.1304,2.2822,0.7331,-2.8505
62,BeCa2SrGeZr2HfN8,0.9,1.57,2,1.74,1.0,2,1.74,1.0,1.92,0.95,1.22,2.01,1.48,1.33,1.48,1.33,1.5,1.3,0.8995,0.5898,0.5898,0.5495,0.762,0.6401,0.6401,0.6585,2.5787,3.9118,0.3409,-2.905
63,BeZn2CdSi2Hf2N8,0.9,1.57,2,1.31,1.65,2,1.31,1.65,1.48,1.69,1.11,1.9,1.11,1.9,1.5,1.3,1.5,1.3,0.8995,0.9064,0.9064,0.8678,0.7865,0.7865,0.6585,0.6585,2.0797,3.5653,0.1698,-2.6556
64,BeCaSrBaSiGeHf2N8,0.9,1.57,2,1.74,1.0,2,1.92,0.95,1.98,0.89,1.11,1.9,1.22,2.01,1.5,1.3,1.5,1.3,0.8995,0.5898,0.5495,0.5029,0.7865,0.762,0.6585,0.6585,2.6621,4.0359,0.6517,-2.8681
65,BeMgSrZnSiTiHf2N8,0.9,1.57,2,1.3,1.31,2,1.92,0.95,1.31,1.65,1.11,1.9,1.36,1.54,1.5,1.3,1.5,1.3,0.8995,0.7377,0.5495,0.9064,0.7865,0.6588,0.6585,0.6585,1.9645,3.3411,0.271,-2.9112
66,BeCaBaCdSnZrHf2N8,0.9,1.57,2,1.74,1.0,2,1.98,0.89,1.48,1.69,1.41,1.96,1.48,1.33,1.5,1.3,1.5,1.3,0.8995,0.5898,0.5029,0.8678,0.7086,0.6401,0.6585,0.6585,1.4343,2.7143,0.8982,-2.6654
67,MgCa2CdGeSn2TiN8,1.3,1.31,2,1.74,1.0,2,1.74,1.0,1.48,1.69,1.22,2.01,1.41,1.96,1.41,1.96,1.36,1.54,0.7377,0.5898,0.5898,0.8678,0.762,0.7086,0.7086,0.6588,1.3858,2.7806,0.6904,-2.3002
68,Mg2CaCdGeSnTi2N8,1.3,1.31,2,1.3,1.31,2,1.74,1.0,1.48,1.69,1.22,2.01,1.41,1.96,1.36,1.54,1.36,1.54,0.7377,0.7377,0.5898,0.8678,0.762,0.7086,0.6588,0.6588,1.8902,3.2793,0.8463,-2.4856
69,MgBaZnCdSn2Ti2N8,1.3,1.31,2,1.98,0.89,2,1.31,1.65,1.48,1.69,1.41,1.96,1.41,1.96,1.36,1.54,1.36,1.54,0.7377,0.5029,0.9064,0.8678,0.7086,0.7086,0.6588,0.6588,0.8423,2.1716,0.9527,-2.2425
70,MgZn2CdSn2Ti2N8,1.3,1.31,2,1.31,1.65,2,1.31,1.65,1.48,1.69,1.41,1.96,1.41,1.96,1.36,1.54,1.36,1.54,0.7377,0.9064,0.9064,0.8678,0.7086,0.7086,0.6588,0.6588,1.4854,2.9021,0.7695,-2.2107
71,MgSrCd2Si2GeZrN8,1.3,1.31,2,1.92,0.95,2,1.48,1.69,1.48,1.69,1.11,1.9,1.11,1.9,1.22,2.01,1.48,1.33,0.7377,0.5495,0.8678,0.8678,0.7865,0.7865,0.762,0.6401,1.4572,2.8472,0.3201,-2.4797
72,MgCaSrBaGe2SnZrN8,1.3,1.31,2,1.74,1.0,2,1.92,0.95,1.98,0.89,1.22,2.01,1.22,2.01,1.41,1.96,1.48,1.33,0.7377,0.5898,0.5495,0.5029,0.762,0.762,0.7086,0.6401,1.7665,3.2246,0.9679,-2.5488
73,MgCa2BaSiGeTiZrN8,1.3,1.31,2,1.74,1.0,2,1.74,1.0,1.98,0.89,1.11,1.9,1.22,2.01,1.36,1.54,1.48,1.33,0.7377,0.5898,0.5898,0.5029,0.7865,0.762,0.6588,0.6401,2.2097,3.5046,0.9433,-2.8324
74,Mg2Sr2SiSnTiZrN8,1.3,1.31,2,1.3,1.31,2,1.92,0.95,1.92,0.95,1.11,1.9,1.41,1.96,1.36,1.54,1.48,1.33,0.7377,0.7377,0.5495,0.5495,0.7865,0.7086,0.6588,0.6401,2.2747,3.6892,0.7541,-2.7361
75,MgSrZnCdGeSnTiZrN8,1.3,1.31,2,1.92,0.95,2,1.31,1.65,1.48,1.69,1.22,2.01,1.41,1.96,1.36,1.54,1.48,1.33,0.7377,0.5495,0.9064,0.8678,0.762,0.7086,0.6588,0.6401,1.0279,2.4351,0.5435,-2.3588
76,Mg3SrSiTi2ZrN8,1.3,1.31,2,1.3,1.31,2,1.3,1.31,1.92,0.95,1.11,1.9,1.36,1.54,1.36,1.54,1.48,1.33,0.7377,0.7377,0.7377,0.5495,0.7865,0.6588,0.6588,0.6401,2.4349,3.804,0.1826,-2.9862
77,MgSrBaZnTi3ZrN8,1.3,1.31,2,1.92,0.95,2,1.98,0.89,1.31,1.65,1.36,1.54,1.36,1.54,1.36,1.54,1.48,1.33,0.7377,0.5495,0.5029,0.9064,0.6588,0.6588,0.6588,0.6401,2.0761,3.3767,0.5663,-2.8458
78,MgBaZnCdTi3ZrN8,1.3,1.31,2,1.98,0.89,2,1.31,1.65,1.48,1.69,1.36,1.54,1.36,1.54,1.36,1.54,1.48,1.33,0.7377,0.5029,0.9064,0.8678,0.6588,0.6588,0.6588,0.6401,2.0286,3.3307,0.5098,-2.6834
79,MgCa2BaSi2Zr2N8,1.3,1.31,2,1.74,1.0,2,1.74,1.0,1.98,0.89,1.11,1.9,1.11,1.9,1.48,1.33,1.48,1.33,0.7377,0.5898,0.5898,0.5029,0.7865,0.7865,0.6401,0.6401,2.3048,3.6115,0.7573,-2.967
80,MgSr2BaSn2Hf2N8,1.3,1.31,2,1.92,0.95,2,1.92,0.95,1.98,0.89,1.41,1.96,1.41,1.96,1.5,1.3,1.5,1.3,0.7377,0.5495,0.5495,0.5029,0.7086,0.7086,0.6585,0.6585,1.5905,2.9464,1.2415,-2.5552
81,MgSrZn2SiGeZrHfN8,1.3,1.31,2,1.92,0.95,2,1.31,1.65,1.31,1.65,1.11,1.9,1.22,2.01,1.48,1.33,1.5,1.3,0.7377,0.5495,0.9064,0.9064,0.7865,0.762,0.6401,0.6585,1.5692,2.9823,0.2847,-2.549
82,MgSrZn2Ge2TiHfN8,1.3,1.31,2,1.92,0.95,2,1.31,1.65,1.31,1.65,1.22,2.01,1.22,2.01,1.36,1.54,1.5,1.3,0.7377,0.5495,0.9064,0.9064,0.762,0.762,0.6588,0.6585,1.4481,2.9574,0.1539,-2.4468
83,MgSrZnCdSi2TiZrN8,1.3,1.31,2,1.92,0.95,2,1.31,1.65,1.48,1.69,1.11,1.9,1.11,1.9,1.36,1.54,1.48,1.33,0.7377,0.5495,0.9064,0.8678,0.7865,0.7865,0.6588,0.6401,1.6416,3.0418,0.2618,-2.6528
84,MgSrZnCdSiGeZrHfN8,1.3,1.31,2,1.92,0.95,2,1.31,1.65,1.48,1.69,1.11,1.9,1.22,2.01,1.48,1.33,1.5,1.3,0.7377,0.5495,0.9064,0.8678,0.7865,0.762,0.6401,0.6585,1.306,2.7231,0.1816,-2.5286
85,MgBa2ZnSiGeHf2N8,1.3,1.31,2,1.98,0.89,2,1.98,0.89,1.31,1.65,1.11,1.9,1.22,2.01,1.5,1.3,1.5,1.3,0.7377,0.5029,0.5029,0.9064,0.7865,0.762,0.6585,0.6585,1.736,3.094,0.9972,-2.652
86,MgBa2ZnSnTiZrHfN8,1.3,1.31,2,1.98,0.89,2,1.98,0.89,1.31,1.65,1.41,1.96,1.36,1.54,1.48,1.33,1.5,1.3,0.7377,0.5029,0.5029,0.9064,0.7086,0.6588,0.6401,0.6585,1.761,3.0736,0.9228,-2.6028
87,MgBa2CdGeZrHf2N8,1.3,1.31,2,1.98,0.89,2,1.98,0.89,1.48,1.69,1.22,2.01,1.48,1.33,1.5,1.3,1.5,1.3,0.7377,0.5029,0.5029,0.8678,0.762,0.6401,0.6585,0.6585,1.2087,2.4683,0.9035,-2.6497
88,MgBaZn2SiSnHf2N8,1.3,1.31,2,1.98,0.89,2,1.31,1.65,1.31,1.65,1.11,1.9,1.41,1.96,1.5,1.3,1.5,1.3,0.7377,0.5029,0.9064,0.9064,0.7865,0.7086,0.6585,0.6585,0.7673,2.1351,0.707,-2.4995
89,MgBaZnCdSiGeHf2N8,1.3,1.31,2,1.98,0.89,2,1.31,1.65,1.48,1.69,1.11,1.9,1.22,2.01,1.5,1.3,1.5,1.3,0.7377,0.5029,0.9064,0.8678,0.7865,0.762,0.6585,0.6585,0.9625,2.4075,0.3864,-2.4922
90,MgBaZnCdGeTi2ZrN8,1.3,1.31,2,1.98,0.89,2,1.31,1.65,1.48,1.69,1.22,2.01,1.36,1.54,1.36,1.54,1.48,1.33,0.7377,0.5029,0.9064,0.8678,0.762,0.6588,0.6588,0.6401,1.6159,2.9578,0.5995,-2.6277
91,MgBaZnCdSnTiZr2N8,1.3,1.31,2,1.98,0.89,2,1.31,1.65,1.48,1.69,1.41,1.96,1.36,1.54,1.48,1.33,1.48,1.33,0.7377,0.5029,0.9064,0.8678,0.7086,0.6588,0.6401,0.6401,1.3988,2.73,0.5334,-2.4464
92,MgBaCd2Si2Sn2N8,1.3,1.31,2,1.98,0.89,2,1.48,1.69,1.48,1.69,1.11,1.9,1.11,1.9,1.41,1.96,1.41,1.96,0.7377,0.5029,0.8678,0.8678,0.7865,0.7865,0.7086,0.7086,0.4906,1.9359,0.4398,-2.1097
93,MgZn3Ge2TiHfN8,1.3,1.31,2,1.31,1.65,2,1.31,1.65,1.31,1.65,1.22,2.01,1.22,2.01,1.36,1.54,1.5,1.3,0.7377,0.9064,0.9064,0.9064,0.762,0.762,0.6588,0.6585,2.0903,3.7434,-0.1838,-2.4155
94,MgZn2CdSi2Hf2N8,1.3,1.31,2,1.31,1.65,2,1.31,1.65,1.48,1.69,1.11,1.9,1.11,1.9,1.5,1.3,1.5,1.3,0.7377,0.9064,0.9064,0.8678,0.7865,0.7865,0.6585,0.6585,1.9063,3.374,0.0248,-2.6675
95,MgZnCd2GeTi2ZrN8,1.3,1.31,2,1.31,1.65,2,1.48,1.69,1.48,1.69,1.22,2.01,1.36,1.54,1.36,1.54,1.48,1.33,0.7377,0.9064,0.8678,0.8678,0.762,0.6588,0.6588,0.6401,2.038,3.4157,0.6012,-2.571
96,Ca3SrGe2Hf2N8,1.74,1.0,2,1.74,1.0,2,1.74,1.0,1.92,0.95,1.22,2.01,1.22,2.01,1.5,1.3,1.5,1.3,0.5898,0.5898,0.5898,0.5495,0.762,0.762,0.6585,0.6585,2.3495,3.7586,0.5205,-2.8061
97,Ca2SrCdSi2TiHfN8,1.74,1.0,2,1.74,1.0,2,1.92,0.95,1.48,1.69,1.11,1.9,1.11,1.9,1.36,1.54,1.5,1.3,0.5898,0.5898,0.5495,0.8678,0.7865,0.7865,0.6588,0.6585,1.571,2.939,0.51,-2.8724
98,CaBaGeTiN4,1.74,1.0,2,1.74,1.0,2,1.98,0.89,1.98,0.89,1.22,2.01,1.22,2.01,1.36,1.54,1.36,1.54,0.5898,0.5898,0.5029,0.5029,0.762,0.762,0.6588,0.6588,2.2205,3.4845,1.4562,-2.6481
99,Ca2BaZnSiSn3N8,1.74,1.0,2,1.74,1.0,2,1.98,0.89,1.31,1.65,1.11,1.9,1.41,1.96,1.41,1.96,1.41,1.96,0.5898,0.5898,0.5029,0.9064,0.7865,0.7086,0.7086,0.7086,1.058,2.415,1.075,-2.1912
100,Ca2BaCdSiGe2TiN8,1.74,1.0,2,1.74,1.0,2,1.98,0.89,1.48,1.69,1.11,1.9,1.22,2.01,1.22,2.01,1.36,1.54,0.5898,0.5898,0.5029,0.8678,0.7865,0.762,0.762,0.6588,1.4951,2.9295,0.8534,-2.4913
101,Ca2BaCdSiGeSnHfN8,1.74,1.0,2,1.74,1.0,2,1.98,0.89,1.48,1.69,1.11,1.9,1.22,2.01,1.41,1.96,1.5,1.3,0.5898,0.5898,0.5029,0.8678,0.7865,0.762,0.7086,0.6585,1.1134,2.502,0.7868,-2.4501
102,Ca2Zn2Si3ZrN8,1.74,1.0,2,1.74,1.0,2,1.31,1.65,1.31,1.65,1.11,1.9,1.11,1.9,1.11,1.9,1.48,1.33,0.5898,0.5898,0.9064,0.9064,0.7865,0.7865,0.7865,0.6401,1.4392,2.8158,0.8019,-2.7276
103,CaSrBa2SiSnZrHfN8,1.74,1.0,2,1.92,0.95,2,1.98,0.89,1.98,0.89,1.11,1.9,1.41,1.96,1.48,1.33,1.5,1.3,0.5898,0.5495,0.5029,0.5029,0.7865,0.7086,0.6401,0.6585,2.0571,3.3721,0.8583,-2.7515
104,CaSrBaZnSiSn2HfN8,1.74,1.0,2,1.92,0.95,2,1.98,0.89,1.31,1.65,1.11,1.9,1.41,1.96,1.41,1.96,1.5,1.3,0.5898,0.5495,0.5029,0.9064,0.7865,0.7086,0.7086,0.6585,1.3867,2.7896,1.24,-2.4245
105,CaSrBaCdSiGeZr2N8,1.74,1.0,2,1.92,0.95,2,1.98,0.89,1.48,1.69,1.11,1.9,1.22,2.01,1.48,1.33,1.48,1.33,0.5898,0.5495,0.5029,0.8678,0.7865,0.762,0.6401,0.6401,1.1809,2.3845,0.6802,-2.626
106,CaSrBaCdGeSnTi2N8,1.74,1.0,2,1.92,0.95,2,1.98,0.89,1.48,1.69,1.22,2.01,1.41,1.96,1.36,1.54,1.36,1.54,0.5898,0.5495,0.5029,0.8678,0.762,0.7086,0.6588,0.6588,1.2705,2.5805,1.1719,-2.4511
107,CaSrBaCdGeTiZrHfN8,1.74,1.0,2,1.92,0.95,2,1.98,0.89,1.48,1.69,1.22,2.01,1.36,1.54,1.48,1.33,1.5,1.3,0.5898,0.5495,0.5029,0.8678,0.762,0.6588,0.6401,0.6585,1.3971,2.6578,0.8476,-2.6955
108,CaSrZnCdSnZrHf2N8,1.74,1.0,2,1.92,0.95,2,1.31,1.65,1.48,1.69,1.41,1.96,1.48,1.33,1.5,1.3,1.5,1.3,0.5898,0.5495,0.9064,0.8678,0.7086,0.6401,0.6585,0.6585,1.334,2.6341,0.5707,-2.6122
109,CaBa2ZnSiSn2ZrN8,1.74,1.0,2,1.98,0.89,2,1.98,0.89,1.31,1.65,1.11,1.9,1.41,1.96,1.41,1.96,1.48,1.33,0.5898,0.5029,0.5029,0.9064,0.7865,0.7086,0.7086,0.6401,1.4735,2.8607,1.2598,-2.3674
110,CaBa2CdGeZr2HfN8,1.74,1.0,2,1.98,0.89,2,1.98,0.89,1.48,1.69,1.22,2.01,1.48,1.33,1.48,1.33,1.5,1.3,0.5898,0.5029,0.5029,0.8678,0.762,0.6401,0.6401,0.6585,1.4426,2.6577,1.164,-2.661
111,CaBaZn2SiSnZr2N8,1.74,1.0,2,1.98,0.89,2,1.31,1.65,1.31,1.65,1.11,1.9,1.41,1.96,1.48,1.33,1.48,1.33,0.5898,0.5029,0.9064,0.9064,0.7865,0.7086,0.6401,0.6401,1.0071,2.3275,0.9701,-2.478
112,CaBaZnCdSi2TiHfN8,1.74,1.0,2,1.98,0.89,2,1.31,1.65,1.48,1.69,1.11,1.9,1.11,1.9,1.36,1.54,1.5,1.3,0.5898,0.5029,0.9064,0.8678,0.7865,0.7865,0.6588,0.6585,0.9402,2.1524,1.1322,-2.6541
113,CaBaZnCdSiSnTiHfN8,1.74,1.0,2,1.98,0.89,2,1.31,1.65,1.48,1.69,1.11,1.9,1.41,1.96,1.36,1.54,1.5,1.3,0.5898,0.5029,0.9064,0.8678,0.7865,0.7086,0.6588,0.6585,1.0257,2.2635,0.9893,-2.4817
114,CaBaZnCdZr2Hf2N8,1.74,1.0,2,1.98,0.89,2,1.31,1.65,1.48,1.69,1.48,1.33,1.48,1.33,1.5,1.3,1.5,1.3,0.5898,0.5029,0.9064,0.8678,0.6401,0.6401,0.6585,0.6585,1.766,3.0206,0.7595,-2.7892
115,CaZn2CdGeSnTiZrN8,1.74,1.0,2,1.31,1.65,2,1.31,1.65,1.48,1.69,1.22,2.01,1.41,1.96,1.36,1.54,1.48,1.33,0.5898,0.9064,0.9064,0.8678,0.762,0.7086,0.6588,0.6401,1.1073,2.5115,0.6177,-2.2791
116,CaZnCd2Ge2Zr2N8,1.74,1.0,2,1.31,1.65,2,1.48,1.69,1.48,1.69,1.22,2.01,1.22,2.01,1.48,1.33,1.48,1.33,0.5898,0.9064,0.8678,0.8678,0.762,0.762,0.6401,0.6401,1.1625,2.5553,0.4868,-2.2917
117,Sr4SiGeSnZrN8,1.92,0.95,2,1.92,0.95,2,1.92,0.95,1.92,0.95,1.11,1.9,1.22,2.01,1.41,1.96,1.48,1.33,0.5495,0.5495,0.5495,0.5495,0.7865,0.762,0.7086,0.6401,2.0467,3.5037,0.7006,-2.5462
118,Sr3CdSnZrHf2N8,1.92,0.95,2,1.92,0.95,2,1.92,0.95,1.48,1.69,1.41,1.96,1.48,1.33,1.5,1.3,1.5,1.3,0.5495,0.5495,0.5495,0.8678,0.7086,0.6401,0.6585,0.6585,1.414,2.6791,0.8909,-2.7032
119,Sr2Ba2SiGe2SnN8,1.92,0.95,2,1.92,0.95,2,1.98,0.89,1.98,0.89,1.11,1.9,1.22,2.01,1.22,2.01,1.41,1.96,0.5495,0.5495,0.5029,0.5029,0.7865,0.762,0.762,0.7086,1.9442,3.4405,0.46,-2.3603
120,Sr2BaZnGe2ZrHfN8,1.92,0.95,2,1.92,0.95,2,1.98,0.89,1.31,1.65,1.22,2.01,1.22,2.01,1.48,1.33,1.5,1.3,0.5495,0.5495,0.5029,0.9064,0.762,0.762,0.6401,0.6585,1.5223,2.8848,0.8717,-2.5177
121,Sr2BaCdSiGe2HfN8,1.92,0.95,2,1.92,0.95,2,1.98,0.89,1.48,1.69,1.11,1.9,1.22,2.01,1.22,2.01,1.5,1.3,0.5495,0.5495,0.5029,0.8678,0.7865,0.762,0.762,0.6585,1.1698,2.5443,0.8447,-2.4542
122,Sr2BaCdGeSnZrHfN8,1.92,0.95,2,1.92,0.95,2,1.98,0.89,1.48,1.69,1.22,2.01,1.41,1.96,1.48,1.33,1.5,1.3,0.5495,0.5495,0.5029,0.8678,0.762,0.7086,0.6401,0.6585,1.0454,2.3316,0.9913,-2.441
123,Sr2ZnCdSi2GeTiN8,1.92,0.95,2,1.92,0.95,2,1.31,1.65,1.48,1.69,1.11,1.9,1.11,1.9,1.22,2.01,1.36,1.54,0.5495,0.5495,0.9064,0.8678,0.7865,0.7865,0.762,0.6588,1.0966,2.412,1.0557,-2.5132
124,Sr2ZnCdSi2SnZrN8,1.92,0.95,2,1.92,0.95,2,1.31,1.65,1.48,1.69,1.11,1.9,1.11,1.9,1.41,1.96,1.48,1.33,0.5495,0.5495,0.9064,0.8678,0.7865,0.7865,0.7086,0.6401,0.5695,1.8252,0.8666,-2.4035
125,Sr2Cd2GeTiHf2N8,1.92,0.95,2,1.92,0.95,2,1.48,1.69,1.48,1.69,1.22,2.01,1.36,1.54,1.5,1.3,1.5,1.3,0.5495,0.5495,0.8678,0.8678,0.762,0.6588,0.6585,0.6585,1.3548,2.6164,0.5463,-2.5699
126,SrBa2ZnGeTi2HfN8,1.92,0.95,2,1.98,0.89,2,1.98,0.89,1.31,1.65,1.22,2.01,1.36,1.54,1.36,1.54,1.5,1.3,0.5495,0.5029,0.5029,0.9064,0.762,0.6588,0.6588,0.6585,2.0413,3.3116,1.1001,-2.7064
127,SrBa2CdSiSnHf2N8,1.92,0.95,2,1.98,0.89,2,1.98,0.89,1.48,1.69,1.11,1.9,1.41,1.96,1.5,1.3,1.5,1.3,0.5495,0.5029,0.5029,0.8678,0.7865,0.7086,0.6585,0.6585,1.0106,2.2371,0.9342,-2.5927
128,SrBa2CdGeTiZr2N8,1.92,0.95,2,1.98,0.89,2,1.98,0.89,1.48,1.69,1.22,2.01,1.36,1.54,1.48,1.33,1.48,1.33,0.5495,0.5029,0.5029,0.8678,0.762,0.6588,0.6401,0.6401,1.4144,2.5834,0.6335,-2.6096
129,SrBaZn2Sn2Zr2N8,1.92,0.95,2,1.98,0.89,2,1.31,1.65,1.31,1.65,1.41,1.96,1.41,1.96,1.48,1.33,1.48,1.33,0.5495,0.5029,0.9064,0.9064,0.7086,0.7086,0.6401,0.6401,0.9008,2.1871,0.7789,-2.2635
130,SrBaZnCdGe2SnTiN8,1.92,0.95,2,1.98,0.89,2,1.31,1.65,1.48,1.69,1.22,2.01,1.22,2.01,1.41,1.96,1.36,1.54,0.5495,0.5029,0.9064,0.8678,0.762,0.762,0.7086,0.6588,0.8477,2.1761,1.0572,-2.1383
131,Ba3ZnGeTiZrHfN8,1.98,0.89,2,1.98,0.89,2,1.98,0.89,1.31,1.65,1.22,2.01,1.36,1.54,1.48,1.33,1.5,1.3,0.5029,0.5029,0.5029,0.9064,0.762,0.6588,0.6401,0.6585,1.7911,3.0114,0.6455,-2.6484
132,Ba2Zn2Ge2TiHfN8,1.98,0.89,2,1.98,0.89,2,1.31,1.65,1.31,1.65,1.22,2.01,1.22,2.01,1.36,1.54,1.5,1.3,0.5029,0.5029,0.9064,0.9064,0.762,0.762,0.6588,0.6585,1.0642,2.3945,1.2975,-2.4037
133,Ba2ZnCdSi2ZrHfN8,1.98,0.89,2,1.98,0.89,2,1.31,1.65,1.48,1.69,1.11,1.9,1.11,1.9,1.48,1.33,1.5,1.3,0.5029,0.5029,0.9064,0.8678,0.7865,0.7865,0.6401,0.6585,0.661,1.7997,1.1245,-2.585
134,ZnGeN2,1.31,1.65,2,1.31,1.65,2,1.31,1.65,1.31,1.65,1.22,2.01,1.22,2.01,1.22,2.01,1.22,2.01,0.9064,0.9064,0.9064,0.9064,0.762,0.762,0.762,0.762,1.6894,3.4061,-0.0551,-2.0021
135,BaZnCd2Si3SnN8,1.98,0.89,2,1.31,1.65,2,1.48,1.69,1.48,1.69,1.11,1.9,1.11,1.9,1.11,1.9,1.41,1.96,0.5029,0.9064,0.8678,0.8678,0.7865,0.7865,0.7865,0.7086,0.8497,2.3646,0.4261,-2.2033
136,BaCd3SnZr2HfN8,1.98,0.89,2,1.48,1.69,2,1.48,1.69,1.48,1.69,1.41,1.96,1.48,1.33,1.48,1.33,1.5,1.3,0.5029,0.8678,0.8678,0.8678,0.7086,0.6401,0.6401,0.6585,1.1396,2.3804,0.883,-2.334
137,Zn2Cd2SnTiZrHfN8,1.31,1.65,2,1.31,1.65,2,1.48,1.69,1.48,1.69,1.41,1.96,1.36,1.54,1.48,1.33,1.5,1.3,0.9064,0.9064,0.8678,0.8678,0.7086,0.6588,0.6401,0.6585,1.6186,2.9765,0.6736,-2.3203
138,ZnCd3Ge2SnHfN8,1.31,1.65,2,1.48,1.69,2,1.48,1.69,1.48,1.69,1.22,2.01,1.22,2.01,1.41,1.96,1.5,1.3,0.9064,0.8678,0.8678,0.8678,0.762,0.762,0.7086,0.6585,0.9534,2.4131,0.299,-1.9534
139,Be2Si2GaIn2YN8,0.9,1.57,2,0.9,1.57,4,1.11,1.9,1.11,1.9,1.26,1.81,1.44,1.78,1.44,1.78,1.62,1.22,0.8995,0.8995,0.7865,0.7865,0.5788,0.5583,0.5583,0.6,1.4369,3.0043,0.4524,-2.4943
140,Be2Ge2AlGaIn2N8,0.9,1.57,2,0.9,1.57,4,1.22,2.01,1.22,2.01,1.18,1.61,1.26,1.81,1.44,1.78,1.44,1.78,0.8995,0.8995,0.762,0.762,0.5775,0.5788,0.5583,0.5583,1.2358,2.749,0.7059,-2.2179
141,Be2ZrHfGa2Y2N8,0.9,1.57,2,0.9,1.57,4,1.48,1.33,1.5,1.3,1.26,1.81,1.26,1.81,1.62,1.22,1.62,1.22,0.8995,0.8995,0.6401,0.6585,0.5788,0.5788,0.6,0.6,1.6294,2.9174,0.8546,-2.856
142,BeMgSiGeAl4N8,0.9,1.57,2,1.3,1.31,4,1.11,1.9,1.22,2.01,1.18,1.61,1.18,1.61,1.18,1.61,1.18,1.61,0.8995,0.7377,0.7865,0.762,0.5775,0.5775,0.5775,0.5775,2.7039,4.4996,-0.0626,-2.8577
143,BeMgSiSnGaInScYN8,0.9,1.57,2,1.3,1.31,4,1.11,1.9,1.41,1.96,1.26,1.81,1.44,1.78,1.44,1.36,1.62,1.22,0.8995,0.7377,0.7865,0.7086,0.5788,0.5583,0.6331,0.6,0.7471,2.2264,0.7835,-2.5139
144,BeMgSiZrInSc2YN8,0.9,1.57,2,1.3,1.31,4,1.11,1.9,1.48,1.33,1.44,1.78,1.44,1.36,1.44,1.36,1.62,1.22,0.8995,0.7377,0.7865,0.6401,0.5583,0.6331,0.6331,0.6,2.0649,3.4056,0.6635,-2.9031
145,BeMgGeSnAlIn2ScN8,0.9,1.57,2,1.3,1.31,4,1.22,2.01,1.41,1.96,1.18,1.61,1.44,1.78,1.44,1.78,1.44,1.36,0.8995,0.7377,0.762,0.7086,0.5775,0.5583,0.5583,0.6331,0.7783,2.2295,0.8541,-2.3044
146,BeMgGeSnAlInY2N8,0.9,1.57,2,1.3,1.31,4,1.22,2.01,1.41,1.96,1.18,1.61,1.44,1.78,1.62,1.22,1.62,1.22,0.8995,0.7377,0.762,0.7086,0.5775,0.5583,0.6,0.6,0.5886,2.0117,0.9043,-2.4493
147,BeMgGeHfAlInY2N8,0.9,1.57,2,1.3,1.31,4,1.22,2.01,1.5,1.3,1.18,1.61,1.44,1.78,1.62,1.22,1.62,1.22,0.8995,0.7377,0.762,0.6585,0.5775,0.5583,0.6,0.6,1.0277,2.4408,0.8522,-2.6984
148,BeMgSnZrAl2ScYN8,0.9,1.57,2,1.3,1.31,4,1.41,1.96,1.48,1.33,1.18,1.61,1.18,1.61,1.44,1.36,1.62,1.22,0.8995,0.7377,0.7086,0.6401,0.5775,0.5775,0.6331,0.6,1.0819,2.4831,0.9482,-2.8326
149,BeMgTiHfAlGaInYN8,0.9,1.57,2,1.3,1.31,4,1.36,1.54,1.5,1.3,1.18,1.61,1.26,1.81,1.44,1.78,1.62,1.22,0.8995,0.7377,0.6588,0.6585,0.5775,0.5788,0.5583,0.6,1.9203,3.3095,0.587,-2.7349
150,BeMgTiHfInScY2N8,0.9,1.57,2,1.3,1.31,4,1.36,1.54,1.5,1.3,1.44,1.78,1.44,1.36,1.62,1.22,1.62,1.22,0.8995,0.7377,0.6588,0.6585,0.5583,0.6331,0.6,0.6,1.7075,3.0096,0.7873,-2.9414
151,BeMgZrHfGaSc2YN8,0.9,1.57,2,1.3,1.31,4,1.48,1.33,1.5,1.3,1.26,1.81,1.44,1.36,1.44,1.36,1.62,1.22,0.8995,0.7377,0.6401,0.6585,0.5788,0.6331,0.6331,0.6,1.1385,2.3525,0.6929,-3.0403
152,BeCaSi2AlSc2YN8,0.9,1.57,2,1.74,1.0,4,1.11,1.9,1.11,1.9,1.18,1.61,1.44,1.36,1.44,1.36,1.62,1.22,0.8995,0.5898,0.7865,0.7865,0.5775,0.6331,0.6331,0.6,2.0801,3.4892,0.3799,-2.9603
153,BeCaSiGeInScY2N8,0.9,1.57,2,1.74,1.0,4,1.11,1.9,1.22,2.01,1.44,1.78,1.44,1.36,1.62,1.22,1.62,1.22,0.8995,0.5898,0.7865,0.762,0.5583,0.6331,0.6,0.6,0.9979,2.3753,0.7422,-2.6419
154,BeCaGeSnAlGa2ScN8,0.9,1.57,2,1.74,1.0,4,1.22,2.01,1.41,1.96,1.18,1.61,1.26,1.81,1.26,1.81,1.44,1.36,0.8995,0.5898,0.762,0.7086,0.5775,0.5788,0.5788,0.6331,0.3931,1.8325,1.261,-2.4253
155,BeCaGeSnAlGaScYN8,0.9,1.57,2,1.74,1.0,4,1.22,2.01,1.41,1.96,1.18,1.61,1.26,1.81,1.44,1.36,1.62,1.22,0.8995,0.5898,0.762,0.7086,0.5775,0.5788,0.6331,0.6,0.6443,2.0438,0.8755,-2.5124
156,BeCaGeZrAlGaIn2N8,0.9,1.57,2,1.74,1.0,4,1.22,2.01,1.48,1.33,1.18,1.61,1.26,1.81,1.44,1.78,1.44,1.78,0.8995,0.5898,0.762,0.6401,0.5775,0.5788,0.5583,0.5583,0.8357,2.2445,0.9653,-2.3155
157,BeCaGeZrSc3YN8,0.9,1.57,2,1.74,1.0,4,1.22,2.01,1.48,1.33,1.44,1.36,1.44,1.36,1.44,1.36,1.62,1.22,0.8995,0.5898,0.762,0.6401,0.6331,0.6331,0.6331,0.6,1.8056,3.072,0.9252,-2.995
158,BeCaGeHfGa2ScYN8,0.9,1.57,2,1.74,1.0,4,1.22,2.01,1.5,1.3,1.26,1.81,1.26,1.81,1.44,1.36,1.62,1.22,0.8995,0.5898,0.762,0.6585,0.5788,0.5788,0.6331,0.6,1.0431,2.4166,0.909,-2.6602
159,BeCaSn2AlInY2N8,0.9,1.57,2,1.74,1.0,4,1.41,1.96,1.41,1.96,1.18,1.61,1.44,1.78,1.62,1.22,1.62,1.22,0.8995,0.5898,0.7086,0.7086,0.5775,0.5583,0.6,0.6,0.1104,1.2525,1.3175,-2.3738
160,BeCaSnTiInSc2YN8,0.9,1.57,2,1.74,1.0,4,1.41,1.96,1.36,1.54,1.44,1.78,1.44,1.36,1.44,1.36,1.62,1.22,0.8995,0.5898,0.7086,0.6588,0.5583,0.6331,0.6331,0.6,1.4035,2.7384,0.9369,-2.7203
161,BeCaTiZrAlScY2N8,0.9,1.57,2,1.74,1.0,4,1.36,1.54,1.48,1.33,1.18,1.61,1.44,1.36,1.62,1.22,1.62,1.22,0.8995,0.5898,0.6588,0.6401,0.5775,0.6331,0.6,0.6,1.3769,2.5429,0.9053,-3.0577
162,BeSrTiHfAlGa2YN8,0.9,1.57,2,1.92,0.95,4,1.36,1.54,1.5,1.3,1.18,1.61,1.26,1.81,1.26,1.81,1.62,1.22,0.8995,0.5495,0.6588,0.6585,0.5775,0.5788,0.5788,0.6,1.4738,2.7342,1.0787,-2.7612
163,BeSrHf2AlSc2YN8,0.9,1.57,2,1.92,0.95,4,1.5,1.3,1.5,1.3,1.18,1.61,1.44,1.36,1.44,1.36,1.62,1.22,0.8995,0.5495,0.6585,0.6585,0.5775,0.6331,0.6331,0.6,1.7135,2.9252,0.7847,-3.1216
164,BeBaSiGeGaInSc2N8,0.9,1.57,2,1.98,0.89,4,1.11,1.9,1.22,2.01,1.26,1.81,1.44,1.78,1.44,1.36,1.44,1.36,0.8995,0.5029,0.7865,0.762,0.5788,0.5583,0.6331,0.6331,0.4775,1.773,1.1118,-2.4108
165,BeBaSiHfIn2Sc2N8,0.9,1.57,2,1.98,0.89,4,1.11,1.9,1.5,1.3,1.44,1.78,1.44,1.78,1.44,1.36,1.44,1.36,0.8995,0.5029,0.7865,0.6585,0.5583,0.5583,0.6331,0.6331,0.4272,1.6514,1.2048,-2.6026
166,BeBaSnZrAlGa2ScN8,0.9,1.57,2,1.98,0.89,4,1.41,1.96,1.48,1.33,1.18,1.61,1.26,1.81,1.26,1.81,1.44,1.36,0.8995,0.5029,0.7086,0.6401,0.5775,0.5788,0.5788,0.6331,0.5991,1.8827,1.3403,-2.4934
167,BeBaTiZrGaScY2N8,0.9,1.57,2,1.98,0.89,4,1.36,1.54,1.48,1.33,1.26,1.81,1.44,1.36,1.62,1.22,1.62,1.22,0.8995,0.5029,0.6588,0.6401,0.5788,0.6331,0.6,0.6,1.4069,2.5696,1.1821,-2.8413
168,BeZnSiGeAl2Sc2N8,0.9,1.57,2,1.31,1.65,4,1.11,1.9,1.22,2.01,1.18,1.61,1.18,1.61,1.44,1.36,1.44,1.36,0.8995,0.9064,0.7865,0.762,0.5775,0.5775,0.6331,0.6331,2.3275,3.91,0.0804,-2.7825
169,BeZnSiZrAlIn3N8,0.9,1.57,2,1.31,1.65,4,1.11,1.9,1.48,1.33,1.18,1.61,1.44,1.78,1.44,1.78,1.44,1.78,0.8995,0.9064,0.7865,0.6401,0.5775,0.5583,0.5583,0.5583,1.1244,2.5121,0.7692,-2.3402
170,BeZnGe2AlGaInScN8,0.9,1.57,2,1.31,1.65,4,1.22,2.01,1.22,2.01,1.18,1.61,1.26,1.81,1.44,1.78,1.44,1.36,0.8995,0.9064,0.762,0.762,0.5775,0.5788,0.5583,0.6331,1.0354,2.5673,0.7335,-2.3182
171,BeZnGeTiAlGa2InN8,0.9,1.57,2,1.31,1.65,4,1.22,2.01,1.36,1.54,1.18,1.61,1.26,1.81,1.26,1.81,1.44,1.78,0.8995,0.9064,0.762,0.6588,0.5775,0.5788,0.5788,0.5583,1.6546,3.156,0.6999,-2.3463
172,BeZnSnTiAl2InScN8,0.9,1.57,2,1.31,1.65,4,1.41,1.96,1.36,1.54,1.18,1.61,1.18,1.61,1.44,1.78,1.44,1.36,0.8995,0.9064,0.7086,0.6588,0.5775,0.5775,0.5583,0.6331,1.4398,2.8673,0.684,-2.55
173,BeZnSnTiGa3YN8,0.9,1.57,2,1.31,1.65,4,1.41,1.96,1.36,1.54,1.26,1.81,1.26,1.81,1.26,1.81,1.62,1.22,0.8995,0.9064,0.7086,0.6588,0.5788,0.5788,0.5788,0.6,1.3823,2.8549,0.6726,-2.3746
174,BeZnSnZrAl2GaInN8,0.9,1.57,2,1.31,1.65,4,1.41,1.96,1.48,1.33,1.18,1.61,1.18,1.61,1.26,1.81,1.44,1.78,0.8995,0.9064,0.7086,0.6401,0.5775,0.5775,0.5788,0.5583,1.2075,2.6253,0.7903,-2.4107
175,BeZnSnZrAlScY2N8,0.9,1.57,2,1.31,1.65,4,1.41,1.96,1.48,1.33,1.18,1.61,1.44,1.36,1.62,1.22,1.62,1.22,0.8995,0.9064,0.7086,0.6401,0.5775,0.6331,0.6,0.6,1.4452,2.7639,0.9437,-2.762
176,BeZnSnZrGaInScYN8,0.9,1.57,2,1.31,1.65,4,1.41,1.96,1.48,1.33,1.26,1.81,1.44,1.78,1.44,1.36,1.62,1.22,0.8995,0.9064,0.7086,0.6401,0.5788,0.5583,0.6331,0.6,1.0449,2.4432,0.9396,-2.4515
177,BeZnTi2AlIn2YN8,0.9,1.57,2,1.31,1.65,4,1.36,1.54,1.36,1.54,1.18,1.61,1.44,1.78,1.44,1.78,1.62,1.22,0.8995,0.9064,0.6588,0.6588,0.5775,0.5583,0.5583,0.6,1.6133,2.9835,0.6695,-2.5541
178,BeZnTiZrInSc2YN8,0.9,1.57,2,1.31,1.65,4,1.36,1.54,1.48,1.33,1.44,1.78,1.44,1.36,1.44,1.36,1.62,1.22,0.8995,0.9064,0.6588,0.6401,0.5583,0.6331,0.6331,0.6,1.8681,3.1637,0.727,-2.8436
179,BeZnZr2AlGaIn2N8,0.9,1.57,2,1.31,1.65,4,1.48,1.33,1.48,1.33,1.18,1.61,1.26,1.81,1.44,1.78,1.44,1.78,0.8995,0.9064,0.6401,0.6401,0.5775,0.5788,0.5583,0.5583,1.3927,2.7582,0.9492,-2.4256
180,BeCdSi2AlIn3N8,0.9,1.57,2,1.48,1.69,4,1.11,1.9,1.11,1.9,1.18,1.61,1.44,1.78,1.44,1.78,1.44,1.78,0.8995,0.8678,0.7865,0.7865,0.5775,0.5583,0.5583,0.5583,0.4933,1.9014,1.0889,-2.1964
181,BeCdSiGeAl3InN8,0.9,1.57,2,1.48,1.69,4,1.11,1.9,1.22,2.01,1.18,1.61,1.18,1.61,1.18,1.61,1.44,1.78,0.8995,0.8678,0.7865,0.762,0.5775,0.5775,0.5775,0.5583,1.3459,2.8771,0.5978,-2.4516
182,BeCdSiSnAl2Ga2N8,0.9,1.57,2,1.48,1.69,4,1.11,1.9,1.41,1.96,1.18,1.61,1.18,1.61,1.26,1.81,1.26,1.81,0.8995,0.8678,0.7865,0.7086,0.5775,0.5775,0.5788,0.5788,0.8124,2.3089,1.0519,-2.369
183,BeCdGe2InSc2YN8,0.9,1.57,2,1.48,1.69,4,1.22,2.01,1.22,2.01,1.44,1.78,1.44,1.36,1.44,1.36,1.62,1.22,0.8995,0.8678,0.762,0.762,0.5583,0.6331,0.6331,0.6,1.1458,2.4539,0.7239,-2.4334
184,BeCdSnZrAl2Sc2N8,0.9,1.57,2,1.48,1.69,4,1.41,1.96,1.48,1.33,1.18,1.61,1.18,1.61,1.44,1.36,1.44,1.36,0.8995,0.8678,0.7086,0.6401,0.5775,0.5775,0.6331,0.6331,1.2401,2.5765,0.8955,-2.7136
185,BeCdSnHfAlIn2ScN8,0.9,1.57,2,1.48,1.69,4,1.41,1.96,1.5,1.3,1.18,1.61,1.44,1.78,1.44,1.78,1.44,1.36,0.8995,0.8678,0.7086,0.6585,0.5775,0.5583,0.5583,0.6331,0.792,2.096,1.0496,-2.3454
186,BeCdTi2InY3N8,0.9,1.57,2,1.48,1.69,4,1.36,1.54,1.36,1.54,1.44,1.78,1.62,1.22,1.62,1.22,1.62,1.22,0.8995,0.8678,0.6588,0.6588,0.5583,0.6,0.6,0.6,1.4792,2.6478,0.8852,-2.7438
187,BeCdTiZrGaIn2YN8,0.9,1.57,2,1.48,1.69,4,1.36,1.54,1.48,1.33,1.26,1.81,1.44,1.78,1.44,1.78,1.62,1.22,0.8995,0.8678,0.6588,0.6401,0.5788,0.5583,0.5583,0.6,1.3083,2.5771,0.976,-2.3854
188,BeCdTiHfGaIn2YN8,0.9,1.57,2,1.48,1.69,4,1.36,1.54,1.5,1.3,1.26,1.81,1.44,1.78,1.44,1.78,1.62,1.22,0.8995,0.8678,0.6588,0.6585,0.5788,0.5583,0.5583,0.6,1.2648,2.5463,0.9343,-2.4109
189,BeCdZrHfAl3InN8,0.9,1.57,2,1.48,1.69,4,1.48,1.33,1.5,1.3,1.18,1.61,1.18,1.61,1.18,1.61,1.44,1.78,0.8995,0.8678,0.6401,0.6585,0.5775,0.5775,0.5775,0.5583,1.7388,3.1266,0.803,-2.7024
190,BeCdZrHfAlSc2YN8,0.9,1.57,2,1.48,1.69,4,1.48,1.33,1.5,1.3,1.18,1.61,1.44,1.36,1.44,1.36,1.62,1.22,0.8995,0.8678,0.6401,0.6585,0.5775,0.6331,0.6331,0.6,1.4414,2.5969,1.1077,-2.993
191,BeCdZrHfInSc2YN8,0.9,1.57,2,1.48,1.69,4,1.48,1.33,1.5,1.3,1.44,1.78,1.44,1.36,1.44,1.36,1.62,1.22,0.8995,0.8678,0.6401,0.6585,0.5583,0.6331,0.6331,0.6,1.6139,2.8384,0.9486,-2.8286
192,Mg2SnTiSc3YN8,1.3,1.31,2,1.3,1.31,4,1.41,1.96,1.36,1.54,1.44,1.36,1.44,1.36,1.44,1.36,1.62,1.22,0.7377,0.7377,0.7086,0.6588,0.6331,0.6331,0.6331,0.6,2.1721,3.5683,0.3176,-2.9671
193,MgCaSi2Al2GaScN8,1.3,1.31,2,1.74,1.0,4,1.11,1.9,1.11,1.9,1.18,1.61,1.18,1.61,1.26,1.81,1.44,1.36,0.7377,0.5898,0.7865,0.7865,0.5775,0.5775,0.5788,0.6331,1.6686,3.2161,0.4452,-2.7759
194,MgCaSiSnGaInScYN8,1.3,1.31,2,1.74,1.0,4,1.11,1.9,1.41,1.96,1.26,1.81,1.44,1.78,1.44,1.36,1.62,1.22,0.7377,0.5898,0.7865,0.7086,0.5788,0.5583,0.6331,0.6,0.2584,1.598,0.9439,-2.4898
195,MgCaSiTiGa2Y2N8,1.3,1.31,2,1.74,1.0,4,1.11,1.9,1.36,1.54,1.26,1.81,1.26,1.81,1.62,1.22,1.62,1.22,0.7377,0.5898,0.7865,0.6588,0.5788,0.5788,0.6,0.6,1.7335,3.0494,0.3475,-2.7423
196,MgCaGeZrAlGa2InN8,1.3,1.31,2,1.74,1.0,4,1.22,2.01,1.48,1.33,1.18,1.61,1.26,1.81,1.26,1.81,1.44,1.78,0.7377,0.5898,0.762,0.6401,0.5775,0.5788,0.5788,0.5583,1.0453,2.4727,0.7374,-2.4094
197,MgCaSnTiAlGaY2N8,1.3,1.31,2,1.74,1.0,4,1.41,1.96,1.36,1.54,1.18,1.61,1.26,1.81,1.62,1.22,1.62,1.22,0.7377,0.5898,0.7086,0.6588,0.5775,0.5788,0.6,0.6,0.7884,2.0838,0.8129,-2.6379
198,MgCaSnTiGa2Sc2N8,1.3,1.31,2,1.74,1.0,4,1.41,1.96,1.36,1.54,1.26,1.81,1.26,1.81,1.44,1.36,1.44,1.36,0.7377,0.5898,0.7086,0.6588,0.5788,0.5788,0.6331,0.6331,1.168,2.5697,0.6769,-2.6362
199,MgCaSnHfAl2InScN8,1.3,1.31,2,1.74,1.0,4,1.41,1.96,1.5,1.3,1.18,1.61,1.18,1.61,1.44,1.78,1.44,1.36,0.7377,0.5898,0.7086,0.6585,0.5775,0.5775,0.5583,0.6331,0.8874,2.2378,0.8014,-2.6594
200,MgCaTiHfGaIn2YN8,1.3,1.31,2,1.74,1.0,4,1.36,1.54,1.5,1.3,1.26,1.81,1.44,1.78,1.44,1.78,1.62,1.22,0.7377,0.5898,0.6588,0.6585,0.5788,0.5583,0.5583,0.6,1.2621,2.5643,0.8225,-2.5677
201,MgSrSiGeGaInScYN8,1.3,1.31,2,1.92,0.95,4,1.11,1.9,1.22,2.01,1.26,1.81,1.44,1.78,1.44,1.36,1.62,1.22,0.7377,0.5495,0.7865,0.762,0.5788,0.5583,0.6331,0.6,0.3469,1.6601,0.879,-2.4619
202,MgSrSn2GaScY2N8,1.3,1.31,2,1.92,0.95,4,1.41,1.96,1.41,1.96,1.26,1.81,1.44,1.36,1.62,1.22,1.62,1.22,0.7377,0.5495,0.7086,0.7086,0.5788,0.6331,0.6,0.6,0.3043,1.4874,1.0661,-2.4607
203,MgSrSn2Sc2Y2N8,1.3,1.31,2,1.92,0.95,4,1.41,1.96,1.41,1.96,1.44,1.36,1.44,1.36,1.62,1.22,1.62,1.22,0.7377,0.5495,0.7086,0.7086,0.6331,0.6331,0.6,0.6,0.9973,2.2265,0.7218,-2.6513
204,MgSrSnTiGa2InScN8,1.3,1.31,2,1.92,0.95,4,1.41,1.96,1.36,1.54,1.26,1.81,1.26,1.81,1.44,1.78,1.44,1.36,0.7377,0.5495,0.7086,0.6588,0.5788,0.5788,0.5583,0.6331,0.6431,1.9468,1.0057,-2.3538
205,MgSrSnZrAlGa3N8,1.3,1.31,2,1.92,0.95,4,1.41,1.96,1.48,1.33,1.18,1.61,1.26,1.81,1.26,1.81,1.26,1.81,0.7377,0.5495,0.7086,0.6401,0.5775,0.5788,0.5788,0.5788,0.6179,2.0251,1.0882,-2.4126
206,MgBaSiZrInSc2YN8,1.3,1.31,2,1.98,0.89,4,1.11,1.9,1.48,1.33,1.44,1.78,1.44,1.36,1.44,1.36,1.62,1.22,0.7377,0.5029,0.7865,0.6401,0.5583,0.6331,0.6331,0.6,1.2756,2.4847,0.9128,-2.7931
207,MgBaGeSnInSc2YN8,1.3,1.31,2,1.98,0.89,4,1.22,2.01,1.41,1.96,1.44,1.78,1.44,1.36,1.44,1.36,1.62,1.22,0.7377,0.5029,0.762,0.7086,0.5583,0.6331,0.6331,0.6,0.2553,1.4321,1.1654,-2.4356
208,MgBaSn2AlGaInScN8,1.3,1.31,2,1.98,0.89,4,1.41,1.96,1.41,1.96,1.18,1.61,1.26,1.81,1.44,1.78,1.44,1.36,0.7377,0.5029,0.7086,0.7086,0.5775,0.5788,0.5583,0.6331,-0.4948,0.5765,1.7378,-2.1832
209,MgBaTi2InSc2YN8,1.3,1.31,2,1.98,0.89,4,1.36,1.54,1.36,1.54,1.44,1.78,1.44,1.36,1.44,1.36,1.62,1.22,0.7377,0.5029,0.6588,0.6588,0.5583,0.6331,0.6331,0.6,1.1971,2.4011,0.9876,-2.8499
210,MgZnSiHfGa2In2N8,1.3,1.31,2,1.31,1.65,4,1.11,1.9,1.5,1.3,1.26,1.81,1.26,1.81,1.44,1.78,1.44,1.78,0.7377,0.9064,0.7865,0.6585,0.5788,0.5788,0.5583,0.5583,0.88,2.3307,0.755,-2.2931
211,MgZnGeTiGaSc2YN8,1.3,1.31,2,1.31,1.65,4,1.22,2.01,1.36,1.54,1.26,1.81,1.44,1.36,1.44,1.36,1.62,1.22,0.7377,0.9064,0.762,0.6588,0.5788,0.6331,0.6331,0.6,2.0179,3.4141,0.3785,-2.7235
212,MgZnSnTiGaIn2YN8,1.3,1.31,2,1.31,1.65,4,1.41,1.96,1.36,1.54,1.26,1.81,1.44,1.78,1.44,1.78,1.62,1.22,0.7377,0.9064,0.7086,0.6588,0.5788,0.5583,0.5583,0.6,0.7813,2.1247,0.865,-2.2324
213,MgZnHf2InY3N8,1.3,1.31,2,1.31,1.65,4,1.5,1.3,1.5,1.3,1.44,1.78,1.62,1.22,1.62,1.22,1.62,1.22,0.7377,0.9064,0.6585,0.6585,0.5583,0.6,0.6,0.6,1.5891,2.92,0.6028,-2.8755
214,MgCdSiSnAlIn3N8,1.3,1.31,2,1.48,1.69,4,1.11,1.9,1.41,1.96,1.18,1.61,1.44,1.78,1.44,1.78,1.44,1.78,0.7377,0.8678,0.7865,0.7086,0.5775,0.5583,0.5583,0.5583,0.0296,1.1573,1.3372,-2.0396
215,MgCdSiSnGaY3N8,1.3,1.31,2,1.48,1.69,4,1.11,1.9,1.41,1.96,1.26,1.81,1.62,1.22,1.62,1.22,1.62,1.22,0.7377,0.8678,0.7865,0.7086,0.5788,0.6,0.6,0.6,0.9881,2.2826,0.7479,-2.5282
216,MgCdSiTiAlGaInScN8,1.3,1.31,2,1.48,1.69,4,1.11,1.9,1.36,1.54,1.18,1.61,1.26,1.81,1.44,1.78,1.44,1.36,0.7377,0.8678,0.7865,0.6588,0.5775,0.5788,0.5583,0.6331,1.433,2.7785,0.6125,-2.5102
217,MgCdSiTiAlGaY2N8,1.3,1.31,2,1.48,1.69,4,1.11,1.9,1.36,1.54,1.18,1.61,1.26,1.81,1.62,1.22,1.62,1.22,0.7377,0.8678,0.7865,0.6588,0.5775,0.5788,0.6,0.6,1.5597,2.8622,0.5326,-2.6483
218,MgCdGeZrGa2Y2N8,1.3,1.31,2,1.48,1.69,4,1.22,2.01,1.48,1.33,1.26,1.81,1.26,1.81,1.62,1.22,1.62,1.22,0.7377,0.8678,0.762,0.6401,0.5788,0.5788,0.6,0.6,1.1647,2.4773,0.6021,-2.4432
219,MgCdSnZrGaSc2YN8,1.3,1.31,2,1.48,1.69,4,1.41,1.96,1.48,1.33,1.26,1.81,1.44,1.36,1.44,1.36,1.62,1.22,0.7377,0.8678,0.7086,0.6401,0.5788,0.6331,0.6331,0.6,1.593,2.8653,0.6064,-2.6449
220,MgCdSnHfGaInScYN8,1.3,1.31,2,1.48,1.69,4,1.41,1.96,1.5,1.3,1.26,1.81,1.44,1.78,1.44,1.36,1.62,1.22,0.7377,0.8678,0.7086,0.6585,0.5788,0.5583,0.6331,0.6,0.8023,2.0532,0.8161,-2.4425
221,MgCdTiZrAlGaInScN8,1.3,1.31,2,1.48,1.69,4,1.36,1.54,1.48,1.33,1.18,1.61,1.26,1.81,1.44,1.78,1.44,1.36,0.7377,0.8678,0.6588,0.6401,0.5775,0.5788,0.5583,0.6331,1.5785,2.8893,0.7149,-2.5811
222,MgCdZr2GaIn2YN8,1.3,1.31,2,1.48,1.69,4,1.48,1.33,1.48,1.33,1.26,1.81,1.44,1.78,1.44,1.78,1.62,1.22,0.7377,0.8678,0.6401,0.6401,0.5788,0.5583,0.5583,0.6,1.234,2.4954,0.7214,-2.4057
223,Ca2SiGeAlIn2YN8,1.74,1.0,2,1.74,1.0,4,1.11,1.9,1.22,2.01,1.18,1.61,1.44,1.78,1.44,1.78,1.62,1.22,0.5898,0.5898,0.7865,0.762,0.5775,0.5583,0.5583,0.6,0.3061,1.6005,0.9058,-2.3402
224,Ca2SiTiIn2ScYN8,1.74,1.0,2,1.74,1.0,4,1.11,1.9,1.36,1.54,1.44,1.78,1.44,1.78,1.44,1.36,1.62,1.22,0.5898,0.5898,0.7865,0.6588,0.5583,0.5583,0.6331,0.6,0.7551,1.942,0.8053,-2.6472
225,Ca2SiHfInSc2YN8,1.74,1.0,2,1.74,1.0,4,1.11,1.9,1.5,1.3,1.44,1.78,1.44,1.36,1.44,1.36,1.62,1.22,0.5898,0.5898,0.7865,0.6585,0.5583,0.6331,0.6331,0.6,1.5274,2.8164,0.5513,-2.9254
226,Ca2GeTiAlGaIn2N8,1.74,1.0,2,1.74,1.0,4,1.22,2.01,1.36,1.54,1.18,1.61,1.26,1.81,1.44,1.78,1.44,1.78,0.5898,0.5898,0.762,0.6588,0.5775,0.5788,0.5583,0.5583,1.0264,2.3915,0.7528,-2.2553
227,Ca2GeZrAl2Y2N8,1.74,1.0,2,1.74,1.0,4,1.22,2.01,1.48,1.33,1.18,1.61,1.18,1.61,1.62,1.22,1.62,1.22,0.5898,0.5898,0.762,0.6401,0.5775,0.5775,0.6,0.6,1.3912,2.6606,0.5707,-2.7502
228,Ca2GeZrGaIn2YN8,1.74,1.0,2,1.74,1.0,4,1.22,2.01,1.48,1.33,1.26,1.81,1.44,1.78,1.44,1.78,1.62,1.22,0.5898,0.5898,0.762,0.6401,0.5788,0.5583,0.5583,0.6,0.5481,1.7976,0.8847,-2.3405
229,Ca2SnHfIn2Y2N8,1.74,1.0,2,1.74,1.0,4,1.41,1.96,1.5,1.3,1.44,1.78,1.44,1.78,1.62,1.22,1.62,1.22,0.5898,0.5898,0.7086,0.6585,0.5583,0.5583,0.6,0.6,0.4644,1.6962,0.866,-2.4982
230,CaSrGeZrAlY3N8,1.74,1.0,2,1.92,0.95,4,1.22,2.01,1.48,1.33,1.18,1.61,1.62,1.22,1.62,1.22,1.62,1.22,0.5898,0.5495,0.762,0.6401,0.5775,0.6,0.6,0.6,1.6746,2.9146,0.5838,-2.7995
231,CaSrSnTiAl2GaScN8,1.74,1.0,2,1.92,0.95,4,1.41,1.96,1.36,1.54,1.18,1.61,1.18,1.61,1.26,1.81,1.44,1.36,0.5898,0.5495,0.7086,0.6588,0.5775,0.5775,0.5788,0.6331,0.8222,2.124,0.921,-2.6235
232,CaSrSnTiAl2ScYN8,1.74,1.0,2,1.92,0.95,4,1.41,1.96,1.36,1.54,1.18,1.61,1.18,1.61,1.44,1.36,1.62,1.22,0.5898,0.5495,0.7086,0.6588,0.5775,0.5775,0.6331,0.6,0.7566,1.9773,0.8966,-2.7128
233,CaSrTiZrAlInScYN8,1.74,1.0,2,1.92,0.95,4,1.36,1.54,1.48,1.33,1.18,1.61,1.44,1.78,1.44,1.36,1.62,1.22,0.5898,0.5495,0.6588,0.6401,0.5775,0.5583,0.6331,0.6,1.3166,2.5239,0.8044,-2.8296
234,CaSrTiZrSc3YN8,1.74,1.0,2,1.92,0.95,4,1.36,1.54,1.48,1.33,1.44,1.36,1.44,1.36,1.44,1.36,1.62,1.22,0.5898,0.5495,0.6588,0.6401,0.6331,0.6331,0.6331,0.6,2.1586,3.3556,0.5265,-3.1712
235,CaSrZrHfGa3InN8,1.74,1.0,2,1.92,0.95,4,1.48,1.33,1.5,1.3,1.26,1.81,1.26,1.81,1.26,1.81,1.44,1.78,0.5898,0.5495,0.6401,0.6585,0.5788,0.5788,0.5788,0.5583,1.2667,2.6413,0.7576,-2.4428
236,CaBaSiTiGaInY2N8,1.74,1.0,2,1.98,0.89,4,1.11,1.9,1.36,1.54,1.26,1.81,1.44,1.78,1.62,1.22,1.62,1.22,0.5898,0.5029,0.7865,0.6588,0.5788,0.5583,0.6,0.6,1.7882,3.1131,0.5556,-2.6882
237,CaBaGeHfGaScY2N8,1.74,1.0,2,1.98,0.89,4,1.22,2.01,1.5,1.3,1.26,1.81,1.44,1.36,1.62,1.22,1.62,1.22,0.5898,0.5029,0.762,0.6585,0.5788,0.6331,0.6,0.6,1.4546,2.6696,0.6684,-2.6702
238,CaBaGeHfInSc3N8,1.74,1.0,2,1.98,0.89,4,1.22,2.01,1.5,1.3,1.44,1.78,1.44,1.36,1.44,1.36,1.44,1.36,0.5898,0.5029,0.762,0.6585,0.5583,0.6331,0.6331,0.6331,1.2931,2.5093,0.7132,-2.7329
239,CaBaSnTiGaSc2YN8,1.74,1.0,2,1.98,0.89,4,1.41,1.96,1.36,1.54,1.26,1.81,1.44,1.36,1.44,1.36,1.62,1.22,0.5898,0.5029,0.7086,0.6588,0.5788,0.6331,0.6331,0.6,1.3864,2.6156,0.7314,-2.669
240,CaBaTiZrGa2ScYN8,1.74,1.0,2,1.98,0.89,4,1.36,1.54,1.48,1.33,1.26,1.81,1.26,1.81,1.44,1.36,1.62,1.22,0.5898,0.5029,0.6588,0.6401,0.5788,0.5788,0.6331,0.6,1.4943,2.7261,0.5571,-2.7153
241,CaBaTiHfGaInY2N8,1.74,1.0,2,1.98,0.89,4,1.36,1.54,1.5,1.3,1.26,1.81,1.44,1.78,1.62,1.22,1.62,1.22,0.5898,0.5029,0.6588,0.6585,0.5788,0.5583,0.6,0.6,0.9118,2.0586,0.769,-2.648
242,CaZnSiZrGaIn2ScN8,1.74,1.0,2,1.31,1.65,4,1.11,1.9,1.48,1.33,1.26,1.81,1.44,1.78,1.44,1.78,1.44,1.36,0.5898,0.9064,0.7865,0.6401,0.5788,0.5583,0.5583,0.6331,0.8424,2.2218,0.7295,-2.4389
243,AlGaN2,1.18,1.61,3,1.18,1.61,3,1.18,1.61,1.18,1.61,1.26,1.81,1.26,1.81,1.26,1.81,1.26,1.81,0.5775,0.5775,0.5775,0.5775,0.5788,0.5788,0.5788,0.5788,2.8886,4.5694,-0.5927,-2.7449
244,CaZnSnZrAl2InScN8,1.74,1.0,2,1.31,1.65,4,1.41,1.96,1.48,1.33,1.18,1.61,1.18,1.61,1.44,1.78,1.44,1.36,0.5898,0.9064,0.7086,0.6401,0.5775,0.5775,0.5583,0.6331,0.7044,2.0531,0.8517,-2.5344
245,CaZnTiZrAlGaSc2N8,1.74,1.0,2,1.31,1.65,4,1.36,1.54,1.48,1.33,1.18,1.61,1.26,1.81,1.44,1.36,1.44,1.36,0.5898,0.9064,0.6588,0.6401,0.5775,0.5788,0.6331,0.6331,1.729,3.0471,0.6046,-2.8771
246,CaCdSiGeAlGa2ScN8,1.74,1.0,2,1.48,1.69,4,1.11,1.9,1.22,2.01,1.18,1.61,1.26,1.81,1.26,1.81,1.44,1.36,0.5898,0.8678,0.7865,0.762,0.5775,0.5788,0.5788,0.6331,0.7086,2.0901,0.785,-2.388
247,CaCdGeTiIn2ScYN8,1.74,1.0,2,1.48,1.69,4,1.22,2.01,1.36,1.54,1.44,1.78,1.44,1.78,1.44,1.36,1.62,1.22,0.5898,0.8678,0.762,0.6588,0.5583,0.5583,0.6331,0.6,0.7078,1.9004,0.8696,-2.3695
248,CaCdSnZrAlInSc2N8,1.74,1.0,2,1.48,1.69,4,1.41,1.96,1.48,1.33,1.18,1.61,1.44,1.78,1.44,1.36,1.44,1.36,0.5898,0.8678,0.7086,0.6401,0.5775,0.5583,0.6331,0.6331,0.8832,2.1278,0.8218,-2.5582
249,CaCdTiZrAl2In2N8,1.74,1.0,2,1.48,1.69,4,1.36,1.54,1.48,1.33,1.18,1.61,1.18,1.61,1.44,1.78,1.44,1.78,0.5898,0.8678,0.6588,0.6401,0.5775,0.5775,0.5583,0.5583,1.2597,2.5352,0.8419,-2.4266
250,CaCdZrHfAlInSc2N8,1.74,1.0,2,1.48,1.69,4,1.48,1.33,1.5,1.3,1.18,1.61,1.44,1.78,1.44,1.36,1.44,1.36,0.5898,0.8678,0.6401,0.6585,0.5775,0.5583,0.6331,0.6331,1.5566,2.8061,0.6779,-2.8162
251,CaCdZrHfGa2InScN8,1.74,1.0,2,1.48,1.69,4,1.48,1.33,1.5,1.3,1.26,1.81,1.26,1.81,1.44,1.78,1.44,1.36,0.5898,0.8678,0.6401,0.6585,0.5788,0.5788,0.5583,0.6331,1.2731,2.5879,0.7304,-2.5068
252,Sr2Sn2In2ScYN8,1.92,0.95,2,1.92,0.95,4,1.41,1.96,1.41,1.96,1.44,1.78,1.44,1.78,1.44,1.36,1.62,1.22,0.5495,0.5495,0.7086,0.7086,0.5583,0.5583,0.6331,0.6,-0.174,0.7192,1.4486,-2.1994
253,SrBaSiTiAlGaScYN8,1.92,0.95,2,1.98,0.89,4,1.11,1.9,1.36,1.54,1.18,1.61,1.26,1.81,1.44,1.36,1.62,1.22,0.5495,0.5029,0.7865,0.6588,0.5775,0.5788,0.6331,0.6,2.3999,3.7913,0.4463,-2.8672
254,SrBaGeSnAlGaY2N8,1.92,0.95,2,1.98,0.89,4,1.22,2.01,1.41,1.96,1.18,1.61,1.26,1.81,1.62,1.22,1.62,1.22,0.5495,0.5029,0.762,0.7086,0.5775,0.5788,0.6,0.6,1.7487,3.194,0.6012,-2.4611
255,SrBaGeTiAlScY2N8,1.92,0.95,2,1.98,0.89,4,1.22,2.01,1.36,1.54,1.18,1.61,1.44,1.36,1.62,1.22,1.62,1.22,0.5495,0.5029,0.762,0.6588,0.5775,0.6331,0.6,0.6,1.7408,2.9557,0.572,-2.6805
256,SrBaGeZrAlInScYN8,1.92,0.95,2,1.98,0.89,4,1.22,2.01,1.48,1.33,1.18,1.61,1.44,1.78,1.44,1.36,1.62,1.22,0.5495,0.5029,0.762,0.6401,0.5775,0.5583,0.6331,0.6,0.4076,1.5209,1.0097,-2.5204
257,SrBaGeHfAlIn2YN8,1.92,0.95,2,1.98,0.89,4,1.22,2.01,1.5,1.3,1.18,1.61,1.44,1.78,1.44,1.78,1.62,1.22,0.5495,0.5029,0.762,0.6585,0.5775,0.5583,0.5583,0.6,-0.0079,1.1142,1.2287,-2.2997
258,SrBaSnHfAlGa2InN8,1.92,0.95,2,1.98,0.89,4,1.41,1.96,1.5,1.3,1.18,1.61,1.26,1.81,1.26,1.81,1.44,1.78,0.5495,0.5029,0.7086,0.6585,0.5775,0.5788,0.5788,0.5583,0.0711,1.2643,1.1996,-2.2167
259,SrBaTi2AlGaSc2N8,1.92,0.95,2,1.98,0.89,4,1.36,1.54,1.36,1.54,1.18,1.61,1.26,1.81,1.44,1.36,1.44,1.36,0.5495,0.5029,0.6588,0.6588,0.5775,0.5788,0.6331,0.6331,1.6182,2.8498,0.7161,-2.7673
260,SrBaTiZrGa3YN8,1.92,0.95,2,1.98,0.89,4,1.36,1.54,1.48,1.33,1.26,1.81,1.26,1.81,1.26,1.81,1.62,1.22,0.5495,0.5029,0.6588,0.6401,0.5788,0.5788,0.5788,0.6,1.4328,2.6821,0.6622,-2.5528
261,SrBaZr2AlSc2YN8,1.92,0.95,2,1.98,0.89,4,1.48,1.33,1.48,1.33,1.18,1.61,1.44,1.36,1.44,1.36,1.62,1.22,0.5495,0.5029,0.6401,0.6401,0.5775,0.6331,0.6331,0.6,1.6703,2.8138,0.9381,-2.9771
262,SrZnSi2GaScY2N8,1.92,0.95,2,1.31,1.65,4,1.11,1.9,1.11,1.9,1.26,1.81,1.44,1.36,1.62,1.22,1.62,1.22,0.5495,0.9064,0.7865,0.7865,0.5788,0.6331,0.6,0.6,1.3721,2.7131,0.6095,-2.7159
263,SrZnGeTiIn2ScYN8,1.92,0.95,2,1.31,1.65,4,1.22,2.01,1.36,1.54,1.44,1.78,1.44,1.78,1.44,1.36,1.62,1.22,0.5495,0.9064,0.762,0.6588,0.5583,0.5583,0.6331,0.6,0.5976,1.8371,0.934,-2.3725
264,SrCdSiGeAlSc2YN8,1.92,0.95,2,1.48,1.69,4,1.11,1.9,1.22,2.01,1.18,1.61,1.44,1.36,1.44,1.36,1.62,1.22,0.5495,0.8678,0.7865,0.762,0.5775,0.6331,0.6331,0.6,1.3067,2.6224,0.6135,-2.6083
265,SrCdSiTiAlGa2InN8,1.92,0.95,2,1.48,1.69,4,1.11,1.9,1.36,1.54,1.18,1.61,1.26,1.81,1.26,1.81,1.44,1.78,0.5495,0.8678,0.7865,0.6588,0.5775,0.5788,0.5788,0.5583,0.9958,2.3566,0.8075,-2.2663
266,SrCdSiTiSc2Y2N8,1.92,0.95,2,1.48,1.69,4,1.11,1.9,1.36,1.54,1.44,1.36,1.44,1.36,1.62,1.22,1.62,1.22,0.5495,0.8678,0.7865,0.6588,0.6331,0.6331,0.6,0.6,1.9493,3.1891,0.579,-2.85
267,SrCdSiHfAl3InN8,1.92,0.95,2,1.48,1.69,4,1.11,1.9,1.5,1.3,1.18,1.61,1.18,1.61,1.18,1.61,1.44,1.78,0.5495,0.8678,0.7865,0.6585,0.5775,0.5775,0.5775,0.5583,1.0861,2.4487,0.7363,-2.5421
268,SrCdSiHfAlScY2N8,1.92,0.95,2,1.48,1.69,4,1.11,1.9,1.5,1.3,1.18,1.61,1.44,1.36,1.62,1.22,1.62,1.22,0.5495,0.8678,0.7865,0.6585,0.5775,0.6331,0.6,0.6,1.5684,2.829,0.6714,-2.8012
269,SrCdSnZrAlIn2ScN8,1.92,0.95,2,1.48,1.69,4,1.41,1.96,1.48,1.33,1.18,1.61,1.44,1.78,1.44,1.78,1.44,1.36,0.5495,0.8678,0.7086,0.6401,0.5775,0.5583,0.5583,0.6331,0.3234,1.54,1.1059,-2.2772
270,SrCdTiHfGaIn3N8,1.92,0.95,2,1.48,1.69,4,1.36,1.54,1.5,1.3,1.26,1.81,1.44,1.78,1.44,1.78,1.44,1.78,0.5495,0.8678,0.6588,0.6585,0.5788,0.5583,0.5583,0.5583,0.6623,1.9074,0.9695,-2.1597
271,SrCdZrHfAlGaInScN8,1.92,0.95,2,1.48,1.69,4,1.48,1.33,1.5,1.3,1.18,1.61,1.26,1.81,1.44,1.78,1.44,1.36,0.5495,0.8678,0.6401,0.6585,0.5775,0.5788,0.5583,0.6331,1.0748,2.3591,0.8957,-2.5665
272,Ba2GeTiGa2InScN8,1.98,0.89,2,1.98,0.89,4,1.22,2.01,1.36,1.54,1.26,1.81,1.26,1.81,1.44,1.78,1.44,1.36,0.5029,0.5029,0.762,0.6588,0.5788,0.5788,0.5583,0.6331,1.9472,3.3198,0.3723,-2.3517
273,Ba2GeHfGaIn2YN8,1.98,0.89,2,1.98,0.89,4,1.22,2.01,1.5,1.3,1.26,1.81,1.44,1.78,1.44,1.78,1.62,1.22,0.5029,0.5029,0.762,0.6585,0.5788,0.5583,0.5583,0.6,1.6001,2.9669,0.1714,-2.2731
274,Ba2Sn2GaInScYN8,1.98,0.89,2,1.98,0.89,4,1.41,1.96,1.41,1.96,1.26,1.81,1.44,1.78,1.44,1.36,1.62,1.22,0.5029,0.5029,0.7086,0.7086,0.5788,0.5583,0.6331,0.6,-0.1367,0.96,1.3049,-2.1334
275,Ba2TiZrAl2Sc2N8,1.98,0.89,2,1.98,0.89,4,1.36,1.54,1.48,1.33,1.18,1.61,1.18,1.61,1.44,1.36,1.44,1.36,0.5029,0.5029,0.6588,0.6401,0.5775,0.5775,0.6331,0.6331,1.7315,2.8638,0.9,-2.8461
276,BaZnSiHfGaInScYN8,1.98,0.89,2,1.31,1.65,4,1.11,1.9,1.5,1.3,1.26,1.81,1.44,1.78,1.44,1.36,1.62,1.22,0.5029,0.9064,0.7865,0.6585,0.5788,0.5583,0.6331,0.6,0.465,1.6505,0.9627,-2.5118
277,BaZnGeSnAl2Y2N8,1.98,0.89,2,1.31,1.65,4,1.22,2.01,1.41,1.96,1.18,1.61,1.18,1.61,1.62,1.22,1.62,1.22,0.5029,0.9064,0.762,0.7086,0.5775,0.5775,0.6,0.6,-0.061,1.1218,1.2063,-2.3252
278,BaZnGeZrAlIn2YN8,1.98,0.89,2,1.31,1.65,4,1.22,2.01,1.48,1.33,1.18,1.61,1.44,1.78,1.44,1.78,1.62,1.22,0.5029,0.9064,0.762,0.6401,0.5775,0.5583,0.5583,0.6,0.1376,1.337,1.1862,-2.234
279,BaZnSn2Ga2In2N8,1.98,0.89,2,1.31,1.65,4,1.41,1.96,1.41,1.96,1.26,1.81,1.26,1.81,1.44,1.78,1.44,1.78,0.5029,0.9064,0.7086,0.7086,0.5788,0.5788,0.5583,0.5583,-0.2305,1.7052,1.887,-1.7592
280,BaCdSiZrGa3YN8,1.98,0.89,2,1.48,1.69,4,1.11,1.9,1.48,1.33,1.26,1.81,1.26,1.81,1.26,1.81,1.62,1.22,0.5029,0.8678,0.7865,0.6401,0.5788,0.5788,0.5788,0.6,0.8506,2.1061,0.8589,-2.3885
281,BaCdGeSnAlGa3N8,1.98,0.89,2,1.48,1.69,4,1.22,2.01,1.41,1.96,1.18,1.61,1.26,1.81,1.26,1.81,1.26,1.81,0.5029,0.8678,0.762,0.7086,0.5775,0.5788,0.5788,0.5788,-0.2193,0.9807,1.3824,-1.9904
282,BaCdGeTiAlInSc2N8,1.98,0.89,2,1.48,1.69,4,1.22,2.01,1.36,1.54,1.18,1.61,1.44,1.78,1.44,1.36,1.44,1.36,0.5029,0.8678,0.762,0.6588,0.5775,0.5583,0.6331,0.6331,0.7699,1.9587,0.8357,-2.4387
283,BaCdSnZrAlGaY2N8,1.98,0.89,2,1.48,1.69,4,1.41,1.96,1.48,1.33,1.18,1.61,1.26,1.81,1.62,1.22,1.62,1.22,0.5029,0.8678,0.7086,0.6401,0.5775,0.5788,0.6,0.6,0.3594,1.4532,1.0176,-2.388
284,BaCdSnHfGaIn2YN8,1.98,0.89,2,1.48,1.69,4,1.41,1.96,1.5,1.3,1.26,1.81,1.44,1.78,1.44,1.78,1.62,1.22,0.5029,0.8678,0.7086,0.6585,0.5788,0.5583,0.5583,0.6,-0.1577,0.9724,1.2952,-2.0767
285,BaCdSnHfIn2ScYN8,1.98,0.89,2,1.48,1.69,4,1.41,1.96,1.5,1.3,1.44,1.78,1.44,1.78,1.44,1.36,1.62,1.22,0.5029,0.8678,0.7086,0.6585,0.5583,0.5583,0.6331,0.6,0.1245,1.2351,1.2205,-2.2776
286,BaCdTi2AlGa3N8,1.98,0.89,2,1.48,1.69,4,1.36,1.54,1.36,1.54,1.18,1.61,1.26,1.81,1.26,1.81,1.26,1.81,0.5029,0.8678,0.6588,0.6588,0.5775,0.5788,0.5788,0.5788,1.1257,2.433,0.9296,-2.3393
287,BaCdTiZrAlGaInYN8,1.98,0.89,2,1.48,1.69,4,1.36,1.54,1.48,1.33,1.18,1.61,1.26,1.81,1.44,1.78,1.62,1.22,0.5029,0.8678,0.6588,0.6401,0.5775,0.5788,0.5583,0.6,0.8933,2.0899,0.9756,-2.4188
288,AlN,1.18,1.61,3,1.18,1.61,3,1.18,1.61,1.18,1.61,1.18,1.61,1.18,1.61,1.18,1.61,1.18,1.61,0.5775,0.5775,0.5775,0.5775,0.5775,0.5775,0.5775,0.5775,4.0568,5.7808,-1.1078,-3.2145
289,Zn2SiGeGaInScYN8,1.31,1.65,2,1.31,1.65,4,1.11,1.9,1.22,2.01,1.26,1.81,1.44,1.78,1.44,1.36,1.62,1.22,0.9064,0.9064,0.7865,0.762,0.5788,0.5583,0.6331,0.6,0.7336,2.1994,0.6233,-2.3615
290,Zn2GeZrAl2InYN8,1.31,1.65,2,1.31,1.65,4,1.22,2.01,1.48,1.33,1.18,1.61,1.18,1.61,1.44,1.78,1.62,1.22,0.9064,0.9064,0.762,0.6401,0.5775,0.5775,0.5583,0.6,0.9936,2.3725,0.7024,-2.4408
291,ZnCdSiSnIn2ScYN8,1.31,1.65,2,1.48,1.69,4,1.11,1.9,1.41,1.96,1.44,1.78,1.44,1.78,1.44,1.36,1.62,1.22,0.9064,0.8678,0.7865,0.7086,0.5583,0.5583,0.6331,0.6,0.263,1.5144,1.0336,-2.2111
292,ZnCdSiTiAlGa2ScN8,1.31,1.65,2,1.48,1.69,4,1.11,1.9,1.36,1.54,1.18,1.61,1.26,1.81,1.26,1.81,1.44,1.36,0.9064,0.8678,0.7865,0.6588,0.5775,0.5788,0.5788,0.6331,1.6033,3.0426,0.5943,-2.508
293,ZnCdGe2AlGa2InN8,1.31,1.65,2,1.48,1.69,4,1.22,2.01,1.22,2.01,1.18,1.61,1.26,1.81,1.26,1.81,1.44,1.78,0.9064,0.8678,0.762,0.762,0.5775,0.5788,0.5788,0.5583,0.0643,1.4643,1.2112,-1.9809
294,ZnCdSnTiGaSc3N8,1.31,1.65,2,1.48,1.69,4,1.41,1.96,1.36,1.54,1.26,1.81,1.44,1.36,1.44,1.36,1.44,1.36,0.9064,0.8678,0.7086,0.6588,0.5788,0.6331,0.6331,0.6331,1.7875,3.117,0.5121,-2.5684
295,Cd2Sn2AlGa2InN8,1.48,1.69,2,1.48,1.69,4,1.41,1.96,1.41,1.96,1.18,1.61,1.26,1.81,1.26,1.81,1.44,1.78,0.8678,0.8678,0.7086,0.7086,0.5775,0.5788,0.5788,0.5583,0.0077,0.6786,1.5855,-1.8561
296,Cd2SnZrAlIn2ScN8,1.48,1.69,2,1.48,1.69,4,1.41,1.96,1.48,1.33,1.18,1.61,1.44,1.78,1.44,1.78,1.44,1.36,0.8678,0.8678,0.7086,0.6401,0.5775,0.5583,0.5583,0.6331,0.4025,1.6095,1.1191,-2.173
297,Cd2SnZrAlInY2N8,1.48,1.69,2,1.48,1.69,4,1.41,1.96,1.48,1.33,1.18,1.61,1.44,1.78,1.62,1.22,1.62,1.22,0.8678,0.8678,0.7086,0.6401,0.5775,0.5583,0.6,0.6,0.568,1.6978,0.9724,-2.3293
298,Cd2TiHfGa2Sc2N8,1.48,1.69,2,1.48,1.69,4,1.36,1.54,1.5,1.3,1.26,1.81,1.26,1.81,1.44,1.36,1.44,1.36,0.8678,0.8678,0.6588,0.6585,0.5788,0.5788,0.6331,0.6331,1.7189,2.9899,0.6564,-2.5825
299,Cd2Hf2AlInScYN8,1.48,1.69,2,1.48,1.69,4,1.5,1.3,1.5,1.3,1.18,1.61,1.44,1.78,1.44,1.36,1.62,1.22,0.8678,0.8678,0.6585,0.6585,0.5775,0.5583,0.6331,0.6,1.2533,2.4644,0.6472,-2.6475
300,CdHfGaScN4,1.48,1.69,2,1.48,1.69,4,1.5,1.3,1.5,1.3,1.26,1.81,1.26,1.81,1.44,1.36,1.44,1.36,0.8678,0.8678,0.6585,0.6585,0.5788,0.5788,0.6331,0.6331,1.5476,2.8098,0.4395,-2.6269
